"Country Name","Coordinates","Longitude","Latitude","Country Code","Indicator Name","Indicator Code",1990,1991,1992,1993,1994,1995,1996,1997,1998,1999,2000,2001,2002,2003,2004,2005,2006,2007,2008,2009,2010,2011,2012,2013,2014
"Afghanistan","67.709953,33.93911",67.709953,33.93911,"AFG","Forest area (% of land area)","AG.LND.FRST.ZS",2.067824648,2.067824648,2.067824648,2.067824648,2.067824648,2.067824648,2.067824648,2.067824648,2.067824648,2.067824648,2.067824648,2.067824648,2.069821995,2.069821995,2.069821995,2.069821995,2.069821995,2.069821995,2.069821995,2.069821995,2.069821995,2.069821995,2.067824648,,
"Albania","20.168331,41.153332",20.168331,41.153332,"ALB","Forest area (% of land area)","AG.LND.FRST.ZS",28.79562044,28.72262774,28.64963504,28.57664234,28.50364964,28.43065693,28.35766423,28.28467153,28.21167883,28.13868613,28.06569343,28.16058394,28.25547445,28.35036496,28.44525547,28.54014599,28.49854015,28.45693431,28.41532847,28.37372263,28.33211679,28.29051095,28.24890511,,
"Algeria","1.659626,28.033886",1.659626,28.033886,"DZA","Forest area (% of land area)","AG.LND.FRST.ZS",0.69990847,0.696213693,0.692518915,0.688824137,0.685129359,0.681434581,0.677739804,0.674045026,0.670350248,0.66665547,0.662960693,0.659349887,0.655739082,0.652128276,0.64851747,0.644906665,0.641211887,0.637517109,0.633822332,0.630127554,0.626432776,0.622737998,0.619043221,,
"Andorra","1.601554,42.546245",1.601554,42.546245,"AND","Forest area (% of land area)","AG.LND.FRST.ZS",34.04255319,34.04255319,34.04255319,34.04255319,34.04255319,34.04255319,34.04255319,34.04255319,34.04255319,34.04255319,34.04255319,34.04255319,34.04255319,34.04255319,34.04255319,34.04255319,34.04255319,34.04255319,34.04255319,34.04255319,34.04255319,34.04255319,34.04255319,,
"Angola","17.873887,-11.202692",17.873887,-11.202692,"AGO","Forest area (% of land area)","AG.LND.FRST.ZS",48.90992219,48.80981792,48.70971364,48.60960937,48.50950509,48.40940082,48.30929654,48.20919227,48.10908799,48.00898372,47.90887944,47.80877517,47.70867089,47.60856662,47.50846234,47.40835807,47.30825379,47.20814951,47.10804524,47.00794096,46.90783669,46.80773241,46.70762814,,
"Antigua and Barbuda","-61.796428,17.060816",-61.796428,17.060816,"ATG","Forest area (% of land area)","AG.LND.FRST.ZS",23.40909091,23.34090909,23.27272727,23.20454545,23.13636364,23.06818182,23,22.93181818,22.86363636,22.79545455,22.72727273,22.63636364,22.54545455,22.45454545,22.36363636,22.27272727,22.27272727,22.27272727,22.27272727,22.27272727,22.27272727,22.27272727,22.27272727,,
"Arab World","-61.796428,17.060816",-61.796428,17.060816,"ARB","Forest area (% of land area)","AG.LND.FRST.ZS",7.039514339,6.991576844,6.943643836,6.895713751,6.847783667,6.799860922,6.751923497,6.703993413,6.656070668,6.608140584,6.560217839,6.552174686,6.544131534,6.536181343,6.528142876,6.520109505,6.511936274,6.503779275,6.495638811,6.488692691,6.480555855,5.384449808,1.619492271,,
"Argentina","-63.616672,-38.416097",-63.616672,-38.416097,"ARG","Forest area (% of land area)","AG.LND.FRST.ZS",12.7135335,12.60639678,12.49926006,12.39212333,12.28498661,12.17784988,12.07071316,11.96357644,11.85643971,11.74930299,11.64216627,11.54993806,11.45770986,11.36548166,11.27325346,11.18102525,11.09340115,11.00577705,10.91815295,10.83052885,10.74290475,10.65528065,10.56765655,,
"Armenia","45.038189,40.069099",45.038189,40.069099,"ARM","Forest area (% of land area)","AG.LND.FRST.ZS",12.18398876,,11.886196,11.73515982,11.58412364,11.43308746,11.28205128,11.1310151,10.97997893,10.82894275,10.67790657,10.53038286,10.37921348,10.23174157,10.08426966,9.936797753,9.789325843,9.641853933,9.494382022,9.346910112,9.199438202,9.051966292,8.907622058,,
"Aruba","-69.968338,12.52111",-69.968338,12.52111,"ABW","Forest area (% of land area)","AG.LND.FRST.ZS",2.222222222,2.222222222,2.222222222,2.222222222,2.222222222,2.222222222,2.222222222,2.222222222,2.222222222,2.222222222,2.222222222,2.222222222,2.222222222,2.222222222,2.222222222,2.222222222,2.222222222,2.222222222,2.222222222,2.222222222,2.333333333,2.333333333,2.333333333,,
"Australia","133.775136,-25.274398",133.775136,-25.274398,"AUS","Forest area (% of land area)","AG.LND.FRST.ZS",20.11116463,20.11663174,20.12209885,20.12756596,20.13303308,20.13850019,20.1439673,20.14943441,20.15490153,20.16036864,20.16583575,20.13980188,20.11376801,20.08773414,20.06170027,20.0356664,19.91538992,19.79511344,19.67483696,19.55456048,19.434284,19.31400752,19.19373104,,
"Austria","14.550072,47.516231",14.550072,47.516231,"AUT","Forest area (% of land area)","AG.LND.FRST.ZS",45.797453,45.87265009,45.94784718,46.02304427,46.09824136,46.17343845,46.24863554,46.32383263,46.39902971,46.4742268,46.54942389,46.60764099,46.6658581,46.7240752,46.7822923,46.8405094,46.90115221,46.96179503,47.02243784,47.10650536,47.16717834,47.22785133,47.28852431,,
"Azerbaijan","47.576927,40.143105",47.576927,40.143105,"AZE","Forest area (% of land area)","AG.LND.FRST.ZS",11.248648,,11.24770179,11.24770179,11.24770179,11.24770179,11.24770179,11.24770179,11.26462235,11.31733269,11.33103323,11.3311704,11.32925028,11.32458985,11.3218502,11.32349383,11.32664545,11.32774208,11.32801627,11.3287018,11.32404181,11.32376781,11.32376781,,
"Bahamas, The","-77.39628,25.03428",-77.39628,25.03428,"BHS","Forest area (% of land area)","AG.LND.FRST.ZS",51.44855145,51.44855145,51.44855145,51.44855145,51.44855145,51.44855145,51.44855145,51.44855145,51.44855145,51.44855145,51.44855145,51.44855145,51.44855145,51.44855145,51.44855145,51.44855145,51.44855145,51.44855145,51.44855145,51.44855145,51.44855145,51.44855145,51.44855145,,
"Bahrain","50.637772,25.930414",50.637772,25.930414,"BHR","Forest area (% of land area)","AG.LND.FRST.ZS",0.289855072,0.289855072,0.422535211,0.422535211,0.422535211,0.422535211,0.422535211,0.422535211,0.422535211,0.563380282,0.563380282,0.563380282,0.563380282,0.555555556,0.547945205,0.675675676,0.621621622,0.64,0.644736842,0.671052632,0.697368421,0.710526316,0.736842105,,
"Bangladesh","90.356331,23.684994",90.356331,23.684994,"BGD","Forest area (% of land area)","AG.LND.FRST.ZS",11.47729892,11.45732504,11.43735116,11.41737728,11.3974034,11.37742952,11.35745563,11.33748175,11.31750787,11.29753399,11.27756011,11.25758623,11.23761235,11.21763847,11.19766459,11.17769071,11.15771683,11.13774295,11.11776907,11.09779519,11.07782131,11.05784743,11.03787355,,
"Barbados","-59.543198,13.193887",-59.543198,13.193887,"BRB","Forest area (% of land area)","AG.LND.FRST.ZS",19.44186047,19.44186047,19.44186047,19.44186047,19.44186047,19.44186047,19.44186047,19.44186047,19.44186047,19.44186047,19.44186047,19.44186047,19.44186047,19.44186047,19.44186047,19.44186047,19.44186047,19.44186047,19.44186047,19.44186047,19.44186047,19.44186047,19.44186047,,
"Belarus","27.953389,53.709807",27.953389,53.709807,"BLR","Forest area (% of land area)","AG.LND.FRST.ZS",38.35535397,,38.84145139,39.0845001,39.32754881,39.57059752,39.81364622,40.05669493,40.29974364,40.54279235,40.78584106,40.94655886,41.10930336,41.27002909,41.43484049,41.59148055,41.7683588,41.959586,42.15081321,42.35874174,42.53326762,42.72238924,42.91360702,,
"Belgium","4.469936,50.503887",4.469936,50.503887,"BEL","Forest area (% of land area)","AG.LND.FRST.ZS",,,,,,,,,,,22.03764861,22.07265522,22.10766182,22.14266843,22.17767503,22.21268164,22.24702774,22.28137384,22.31571995,22.35006605,22.38441215,22.41875826,22.45310436,,
"Belize","-88.49765,17.189877",-88.49765,17.189877,"BLZ","Forest area (% of land area)","AG.LND.FRST.ZS",69.5309075,69.10565541,68.68040333,68.25515125,67.82989917,67.40464708,66.979395,66.55414292,66.12889084,65.70363875,65.27838667,64.85751863,64.43665059,64.01578255,63.59491451,63.17404647,62.75317843,62.33231039,61.91144235,61.49057431,61.06970627,60.64883823,60.22797019,,
"Benin","2.315834,9.30769",2.315834,9.30769,"BEN","Forest area (% of land area)","AG.LND.FRST.ZS",51.09081234,50.47002483,49.84923732,49.2284498,48.60766229,47.98687478,47.36608726,46.74529975,46.12451224,45.50372473,44.88293721,44.43951756,43.99609791,43.55267825,43.1092586,42.66583895,42.2224193,41.77899965,41.33557999,40.89216034,40.44874069,40.00532104,39.56190138,,
"Bermuda","-64.75737,32.321384",-64.75737,32.321384,"BMU","Forest area (% of land area)","AG.LND.FRST.ZS",20,20,20,20,20,20,20,20,20,20,20,20,20,20,20,20,20,20,20,20,20,20,20,,
"Bhutan","90.433601,27.514162",90.433601,27.514162,"BTN","Forest area (% of land area)","AG.LND.FRST.ZS",64.95730154,65.18417054,65.41103953,65.63790852,77.32160804,77.5879397,77.85427136,78.12060302,78.38693467,78.65326633,78.91959799,79.19095477,78.9130923,79.18257355,82.93483357,83.21612752,83.49742147,83.77871542,84.06000938,84.34130333,84.62259728,84.90389123,85.80423433,,
"Bolivia","-63.588653,-16.290154",-63.588653,-16.290154,"BOL","Forest area (% of land area)","AG.LND.FRST.ZS",57.96639897,57.71679129,57.46718361,57.21757593,56.96796825,56.71836056,56.46875288,56.2191452,55.96953752,55.71992984,55.47032216,55.21979138,54.96926059,54.71872981,54.46819902,54.21766824,53.93372104,53.64977384,53.36582664,53.08187944,52.79793224,52.51398505,52.23003785,,
"Bosnia and Herzegovina","17.679076,43.915886",17.679076,43.915886,"BIH","Forest area (% of land area)","AG.LND.FRST.ZS",43.33333333,,43.23529412,43.18627451,43.1372549,43.08823529,43.03921569,42.99019608,42.94117647,42.89215686,42.84313725,42.84313725,42.84313725,42.84313725,42.84313725,42.84313725,42.84313725,42.84313725,42.84313725,42.84313725,42.84313725,42.84313725,42.84313725,,
"Botswana","24.684866,-22.328474",24.684866,-22.328474,"BWA","Forest area (% of land area)","AG.LND.FRST.ZS",24.20552997,23.99678859,23.78804722,23.57930584,23.37056447,23.16182309,22.95308171,22.74434034,22.53559896,22.32685759,22.11811621,21.90919838,21.70028056,21.49136273,21.2824449,21.07352708,20.86460925,20.65569142,20.4467736,20.23785577,20.02893794,19.82002012,19.61110229,,
"Brazil","-51.92528,-14.235004",-51.92528,-14.235004,"BRA","Forest area (% of land area)","AG.LND.FRST.ZS",68.77594776,68.43022491,68.08450205,67.7387792,67.39305635,67.0473335,66.70161065,66.35588779,66.01016494,65.66444209,65.31871924,64.94904369,63.80619475,63.44094512,63.0756955,62.71044587,62.45104274,62.19163962,61.93223649,61.67283336,61.41343024,61.15402711,61.63251633,,
"Brunei Darussalam","114.727669,4.535277",114.727669,4.535277,"BRN","Forest area (% of land area)","AG.LND.FRST.ZS",78.36812144,78.06451613,77.76091082,77.4573055,77.15370019,76.85009488,76.54648956,76.24288425,75.93927894,75.63567362,75.33206831,75.028463,74.72485769,74.42125237,74.11764706,73.81404175,73.47248577,73.13092979,72.78937381,72.44781784,72.10626186,71.76470588,71.42314991,,
"Bulgaria","25.48583,42.733883",25.48583,42.733883,"BGR","Forest area (% of land area)","AG.LND.FRST.ZS",30.07321703,30.1166049,30.15999277,30.20338064,30.24676851,30.29015638,30.33354425,30.37693212,30.42031999,30.46370786,30.50709572,31.00605622,32.03492647,32.55125494,33.06178742,33.60640648,34.11764706,34.63217015,35.14041064,35.66507001,36.17354458,36.68201916,37.19049374,,
"Burkina Faso","-1.561593,12.238333",-1.561593,12.238333,"BFA","Forest area (% of land area)","AG.LND.FRST.ZS",25.0255848,24.80665205,24.5877193,24.36878655,24.1498538,23.93092105,23.7119883,23.49305556,23.27412281,23.05519006,22.83625731,22.61769006,22.39912281,22.18055556,21.9619883,21.74342105,21.52412281,21.30482456,21.08552632,20.86622807,20.64692982,20.42763158,20.20833333,,
"Burundi","29.918886,-3.373056",29.918886,-3.373056,"BDI","Forest area (% of land area)","AG.LND.FRST.ZS",11.25389408,10.89953271,10.54517134,10.19080997,9.836448598,9.482087227,9.127725857,8.773364486,8.419003115,8.064641745,7.710280374,7.57788162,7.445482866,7.313084112,7.180685358,7.048286604,6.978193146,6.908099688,6.838006231,6.767912773,6.697819315,6.627725857,6.557632399,,
"Cabo Verde","29.918886,-3.373056",29.918886,-3.373056,"CPV","Forest area (% of land area)","AG.LND.FRST.ZS",14.34243176,14.93796526,15.53349876,16.15384615,16.74937965,17.34491315,17.96526055,18.56079404,19.15632754,19.77667494,20.37220844,20.44665012,20.52109181,20.5955335,20.66997519,20.74441687,20.81885856,20.89330025,20.95533499,21.03970223,21.03970223,21.03970223,21.2630273,,
"Cambodia","104.990963,12.565679",104.990963,12.565679,"KHM","Forest area (% of land area)","AG.LND.FRST.ZS",73.32880127,72.53682302,71.74484478,70.95286653,70.16088828,69.36891004,68.57693179,67.78495355,66.9929753,66.20099705,65.40901881,64.4856107,63.56220258,62.63879447,61.71538636,60.79197825,60.070247,59.34851575,58.6267845,57.90505325,57.183322,56.46159075,55.73985951,,
"Cameroon","12.354722,7.369722",12.354722,7.369722,"CMR","Forest area (% of land area)","AG.LND.FRST.ZS",51.43957183,50.97417021,50.50876859,50.04336697,49.57796535,49.11256373,48.64716211,48.18176049,47.71635887,47.25095725,46.78555563,46.32015401,45.85475239,45.38935076,44.92394914,44.45854752,43.9931459,43.52774428,43.06234266,42.59694104,42.13153942,41.6661378,41.20073618,,
"Canada","-106.346771,56.130366",-106.346771,56.130366,"CAN","Forest area (% of land area)","AG.LND.FRST.ZS",34.10498256,34.10498256,34.10498256,34.10498256,34.10498256,34.10498256,34.10498256,34.10498256,34.10498256,34.10498256,34.10498256,34.10498256,34.10498256,34.10498256,34.10498256,34.10498256,34.10498256,34.10498256,34.10498256,34.10498256,34.10498256,34.10498256,34.10498256,,
"Caribbean small states","-24.013197,16.002082",-24.013197,16.002082,"CSS","Forest area (% of land area)","AG.LND.FRST.ZS",81.09929604,81.07274299,81.04643695,81.01988391,80.99333086,80.96702482,80.94047178,80.91391874,80.8876127,80.86105965,80.83450661,80.80787946,80.78100531,80.75413116,80.72750401,80.70062986,80.66466593,80.62894899,80.59298506,80.55709522,80.52120538,80.48531555,80.44937631,,
"Cayman Islands","-80.566956,19.513469",-80.566956,19.513469,"CYM","Forest area (% of land area)","AG.LND.FRST.ZS",51.66666667,51.66666667,51.66666667,51.66666667,51.66666667,51.66666667,51.66666667,51.66666667,51.66666667,51.66666667,51.66666667,51.66666667,51.66666667,51.66666667,51.66666667,51.66666667,51.66666667,51.66666667,52.91666667,52.91666667,52.91666667,52.91666667,52.91666667,,
"Central African Republic","20.939444,6.611111",20.939444,6.611111,"CAF","Forest area (% of land area)","AG.LND.FRST.ZS",37.24517641,37.19702077,37.14886513,37.10070949,37.05255385,37.00439822,36.95624258,36.90808694,36.8599313,36.81177566,36.76362002,36.71610646,36.66859289,36.62107933,36.57356576,36.5260522,36.47789656,36.42974092,36.38158528,36.33342964,36.28527401,36.23711837,36.18896273,,
"Central Europe and the Baltics","20.939444,6.611111",20.939444,6.611111,"CEB","Forest area (% of land area)","AG.LND.FRST.ZS",31.83957568,,31.40839923,32.02929427,32.09209974,32.15693657,32.21827672,32.2839876,32.34853339,32.41249369,32.4788042,32.61148157,32.79372336,32.92630312,33.11530898,33.19175626,33.38884823,33.5272043,33.66238258,33.76662266,33.89965846,34.03345637,34.10260219,,
"Chad","18.732207,15.454166",18.732207,15.454166,"TCD","Forest area (% of land area)","AG.LND.FRST.ZS",10.4113723,10.34839581,10.28541931,10.22244282,10.15946633,10.09648983,10.03351334,9.970536849,9.907560356,9.844583863,9.78160737,9.718710292,9.655813215,9.592916137,9.53001906,9.467121982,9.404224905,9.341327827,9.27843075,9.215533672,9.152636595,9.089739517,9.02684244,,
"Chile","-71.542969,-35.675147",-71.542969,-35.675147,"CHL","Forest area (% of land area)","AG.LND.FRST.ZS",20.52769753,20.60449315,20.68128877,20.75808439,20.83488001,20.91167562,20.98847124,21.06526686,21.14206248,21.2188581,21.29565372,21.35187188,21.40809004,21.46430819,21.52052635,21.57674451,21.62731396,21.6778834,21.72845284,21.77902229,21.82959173,21.88016118,21.93073062,,
"China","104.195397,35.86166",104.195397,35.86166,"CHN","Forest area (% of land area)","AG.LND.FRST.ZS",16.73800762,16.94954757,17.16108753,17.37262749,17.58416744,17.79572636,18.00728572,18.21882613,18.43036653,18.64190694,18.85346743,19.19525654,19.66423111,20.00823373,20.35223417,20.69623676,20.99249309,21.28874939,21.58500703,21.88126398,22.17752114,22.47377829,22.6227638,,
"Colombia","-74.297333,4.570868",-74.297333,4.570868,"COL","Forest area (% of land area)","AG.LND.FRST.ZS",56.34880577,56.25777377,56.16674178,56.07570978,55.98467778,55.89364579,55.80261379,55.71158179,55.6205498,55.5295178,55.4384858,55.34745381,55.25642181,55.16538982,55.07435782,54.98332582,54.89229383,54.80126183,54.71022983,54.61919784,54.52816584,54.43713384,54.34610185,,
"Comoros","43.872219,-11.875001",43.872219,-11.875001,"COM","Forest area (% of land area)","AG.LND.FRST.ZS",6.448146158,6.233207953,6.018269747,5.803331542,5.588393337,5.373455132,5.158516926,4.943578721,4.728640516,4.513702311,4.298764105,3.976356797,3.65394949,3.331542182,3.009134874,2.686727566,2.471789361,2.256851155,2.04191295,1.826974745,1.612036539,1.397098334,1.182160129,,
"Congo, Dem. Rep.","15.827659,-0.228021",15.827659,-0.228021,"COD","Forest area (% of land area)","AG.LND.FRST.ZS",70.73641958,70.59906045,70.46170133,70.32434221,70.18698308,70.04962396,69.91226484,69.77490571,69.63754659,69.50018747,69.36282835,69.22546922,69.0881101,68.95075098,68.81339185,68.67603273,68.53867361,68.40131448,68.26395536,68.12659624,67.98923711,67.85187799,67.71451887,,
"Congo, Rep.","15.827659,-0.228021",15.827659,-0.228021,"COG","Forest area (% of land area)","AG.LND.FRST.ZS",66.54846266,66.49868228,66.4489019,66.39912152,66.34934114,66.29956076,66.24978038,66.2,66.15021962,66.10043924,66.05065886,66.00087848,65.9510981,65.90131772,65.85153734,65.80175695,65.76573939,65.73060029,65.6954612,65.66032211,65.62518302,65.59004392,65.55490483,,
"Costa Rica","-83.753428,9.748917",-83.753428,9.748917,"CRI","Forest area (% of land area)","AG.LND.FRST.ZS",50.21543282,49.84723854,49.47904426,49.11084998,48.7426557,48.37446142,48.00626714,47.63807286,47.26987857,46.90168429,46.53349001,46.98394046,47.43439091,47.88484136,48.33529181,48.78574226,49.23227575,49.67880924,50.12534273,50.57187622,51.01840971,51.4649432,51.91147669,,
"Cote d'Ivoire","-83.753428,9.748917",-83.753428,9.748917,"CIV","Forest area (% of land area)","AG.LND.FRST.ZS",32.14465409,32.17798742,32.21132075,32.24465409,32.27798742,32.31132075,32.34465409,32.37798742,32.41132075,32.44465409,32.47798742,32.52641509,32.57484277,32.62327044,32.67169811,32.72012579,32.71886792,32.71761006,32.7163522,32.71509434,32.71383648,32.71257862,32.71132075,,
"Croatia","15.2,45.1",15.2,45.1,"HRV","Forest area (% of land area)","AG.LND.FRST.ZS",33.08889286,,33.21409408,33.27669469,33.3392953,33.4018959,33.42265095,33.48517328,33.58969773,33.65229834,33.71489894,33.77928814,33.84367734,33.90806654,33.9421015,34.00643317,34.06719085,34.12794853,34.18870622,34.2494639,34.31022159,34.37097927,34.43173695,,
"Cuba","-77.781167,21.521757",-77.781167,21.521757,"CUB","Forest area (% of land area)","AG.LND.FRST.ZS",19.16201117,19.51303538,19.86405959,20.2150838,20.56610801,20.91713222,21.26815642,21.61918063,21.97020484,22.32122905,22.67225326,23.16014898,23.87254441,24.36278195,24.85292736,25.33821871,25.66569576,25.98835024,26.31341601,26.63848177,26.96354754,27.2886133,27.61367907,,
"Cyprus","33.429859,35.126413",33.429859,35.126413,"CYP","Forest area (% of land area)","AG.LND.FRST.ZS",17.43506494,17.54978355,17.66341991,17.77705628,17.89069264,18.004329,18.11796537,18.23160173,18.3452381,18.45887446,18.57251082,18.5995671,18.62662338,18.6525974,18.67965368,18.70670996,18.71428571,18.72077922,18.72835498,18.73593074,18.74242424,18.75,18.75649351,,
"Czech Republic","15.472962,49.817492",15.472962,49.817492,"CZE","Forest area (% of land area)","AG.LND.FRST.ZS",34.02355377,,,34.05461369,34.064967,34.07532031,34.08567361,34.09602692,34.10638023,34.11673353,34.12708684,34.1529701,34.17885337,34.20473664,34.23505048,34.2609371,34.29126214,34.3171521,34.34304207,34.36893204,34.39927499,34.42516831,34.45552247,,
"Denmark","9.501785,56.26392",9.501785,56.26392,"DNK","Forest area (% of land area)","AG.LND.FRST.ZS",10.49775891,10.59447983,10.68112185,10.77775159,10.87438133,10.97101108,11.06764082,11.16427056,11.26090031,11.35753005,11.45415979,11.6804148,11.90666981,12.13292482,12.35917983,12.58543483,12.63257129,12.67970775,12.72684421,12.77398067,12.82111713,12.86825359,12.91539005,,
"Djibouti","42.590275,11.825138",42.590275,11.825138,"DJI","Forest area (% of land area)","AG.LND.FRST.ZS",0.241587575,0.241587575,0.241587575,0.241587575,0.241587575,0.241587575,0.241587575,0.241587575,0.241587575,0.241587575,0.241587575,0.241587575,0.241587575,0.241587575,0.241587575,0.241587575,0.241587575,0.241587575,0.241587575,0.241587575,0.241587575,0.241587575,0.241587575,,
"Dominica","-61.370976,15.414999",-61.370976,15.414999,"DMA","Forest area (% of land area)","AG.LND.FRST.ZS",66.66666667,66.26666667,66,65.6,65.2,64.93333333,64.53333333,64.13333333,63.86666667,63.46666667,63.06666667,62.8,62.4,62,61.73333333,61.33333333,60.93333333,60.66666667,60.26666667,59.90666667,59.54666667,59.18666667,58.8,,
"Dominican Republic","-70.162651,18.735693",-70.162651,18.735693,"DOM","Forest area (% of land area)","AG.LND.FRST.ZS",40.81125828,40.81125828,40.81125828,40.81125828,40.81125828,40.81125828,40.81125828,40.81125828,40.81125828,40.81125828,40.81125828,40.81125828,40.81125828,40.81125828,40.81125828,40.81125828,40.81125828,40.81125828,40.81125828,40.81125828,40.81125828,40.81125828,40.81125828,,
"East Asia & Pacific (all income levels)","-70.162651,18.735693",-70.162651,18.735693,"EAS","Forest area (% of land area)","AG.LND.FRST.ZS",26.88469484,26.86021741,26.83165356,26.8030893,26.77452462,26.74597257,26.71752686,26.68896451,26.66039805,26.631832,26.61904533,26.69953731,26.84785456,26.92939051,27.01053262,27.09159571,27.10784123,27.12414644,27.14066003,27.15700052,27.17345251,27.18982454,27.13804488,,
"East Asia & Pacific (developing only)","-70.162651,18.735693",-70.162651,18.735693,"EAP","Forest area (% of land area)","AG.LND.FRST.ZS",28.88736932,28.84314049,28.79416266,28.7451842,28.69620574,28.64724715,28.5982841,28.54930872,28.50032769,28.45134666,28.4281413,28.56323302,28.80927759,28.94581175,29.08169825,29.21747112,29.30088863,29.38441619,29.46842697,29.55206787,29.63576387,29.71932717,29.68923633,,
"Ecuador","-78.183406,-1.831239",-78.183406,-1.831239,"ECU","Forest area (% of land area)","AG.LND.FRST.ZS",49.90969513,49.19592544,48.48215576,47.76838607,47.05461638,46.3408467,45.62707701,44.91330733,49.26799807,48.4723788,47.67675954,46.88114028,46.08552102,45.28990176,44.49428249,43.69866323,42.90304397,42.10742471,41.31180544,40.51618618,39.72056692,38.92494766,38.12932839,,
"Egypt, Arab Rep.","30.802498,26.820553",30.802498,26.820553,"EGY","Forest area (% of land area)","AG.LND.FRST.ZS",0.044201115,0.045707971,0.047214827,0.048721684,0.05022854,0.051735396,0.053242252,0.054749108,0.056255965,0.057762821,0.059269677,0.06087699,0.062484304,0.064091617,0.06569893,0.067306243,0.067908986,0.068511728,0.069114471,0.069717213,0.070319956,0.070922698,0.071525441,,
"El Salvador","-88.89653,13.794185",-88.89653,13.794185,"SLV","Forest area (% of land area)","AG.LND.FRST.ZS",18.19498069,17.97779923,17.76061776,17.54343629,17.32625483,17.10907336,16.89189189,16.67471042,16.45752896,16.24034749,16.02316602,15.8011583,15.57915058,15.35714286,15.13513514,14.91312741,14.7007722,14.48841699,14.27606178,14.06370656,13.85135135,13.63899614,13.42664093,,
"Equatorial Guinea","10.267895,1.650801",10.267895,1.650801,"GNQ","Forest area (% of land area)","AG.LND.FRST.ZS",66.31016043,65.89304813,65.47593583,65.05882353,64.64171123,64.22459893,63.80748663,63.39037433,62.97326203,62.55614973,62.13903743,61.7254902,61.31194296,60.89839572,60.48484848,60.07130125,59.65062389,59.22994652,58.80926916,58.3885918,57.96791444,57.54723708,57.12655971,,
"Eritrea","39.782334,15.179384",39.782334,15.179384,"ERI","Forest area (% of land area)","AG.LND.FRST.ZS",16.04950495,,,15.91584158,15.87128713,15.82673267,15.78217822,15.73762376,15.69306931,15.64851485,15.6039604,15.56039604,15.51683168,15.47326733,15.42970297,15.38613861,15.34257426,15.2990099,15.25544554,15.21188119,15.16831683,15.12475248,15.08118812,,
"Estonia","25.013607,58.595272",25.013607,58.595272,"EST","Forest area (% of land area)","AG.LND.FRST.ZS",49.30408115,,50.02594952,50.3868837,50.74781788,51.10875206,51.46968625,51.83062043,52.19155461,52.55248879,52.91342298,52.95588582,52.99834867,53.04081151,53.08327436,53.1257372,52.96060392,52.79547063,52.63033734,52.46520406,52.30007077,52.13493749,51.80467091,,
"Ethiopia","40.489673,9.145",40.489673,9.145,"ETH","Forest area (% of land area)","AG.LND.FRST.ZS",15.19981835,15.06775658,14.93569482,14.6913,14.5504,14.4095,14.2686,14.1277,13.9868,13.8459,13.705,13.564,13.423,13.282,13.141,13,12.859,12.718,12.5776,12.4368,12.296,12.1552,12.0144,,
"Euro area","40.489673,9.145",40.489673,9.145,"EMU","Forest area (% of land area)","AG.LND.FRST.ZS",34.19725591,33.43752593,34.60768904,34.96241935,35.21765577,35.47277802,35.72794095,35.98356257,36.23901306,36.49464952,36.58272823,36.67460208,36.75085066,36.83303214,36.91855703,37.00497444,37.15064169,37.28653196,37.43099084,37.56948571,37.70595234,37.84350733,37.97818239,,
"Europe & Central Asia (all income levels)","40.489673,9.145",40.489673,9.145,"ECS","Forest area (% of land area)","AG.LND.FRST.ZS",37.09679933,,37.2007125,37.23539781,37.2757292,37.31354902,37.34772657,37.28652632,37.31678697,37.34115859,37.34015501,37.39586811,37.50545528,37.53097336,37.55910597,37.5539812,37.59517929,37.62810816,37.66096979,37.6923831,37.72646485,37.75895221,37.70934698,,
"Europe & Central Asia (developing only)","40.489673,9.145",40.489673,9.145,"ECA","Forest area (% of land area)","AG.LND.FRST.ZS",9.67545142,,9.419432945,9.442245159,9.465182765,9.488194623,9.511082931,9.534140946,9.55720637,9.580768499,9.925483127,9.645792603,9.690147036,9.731819984,9.77351356,10.13615552,10.18995478,10.24434491,10.29819344,10.35049912,10.40421671,10.45784387,10.51190938,,
"European Union","40.489673,9.145",40.489673,9.145,"EUU","Forest area (% of land area)","AG.LND.FRST.ZS",34.55685593,34.20213361,34.86223367,35.08047014,35.25508415,35.43021274,35.60435261,35.78003868,35.95528143,36.13046544,36.20643635,36.33663362,36.47164521,36.59596691,36.73845185,36.84908184,36.99255867,37.11307974,37.23794551,37.35002504,37.46991216,37.58976667,37.71797981,,
"Faeroe Islands","40.489673,9.145",40.489673,9.145,"FRO","Forest area (% of land area)","AG.LND.FRST.ZS",0.071633238,0.071633238,0.071633238,0.071633238,0.071633238,0.071633238,0.071633238,0.071633238,0.071633238,0.071633238,0.071633238,0.071633238,0.071633238,0.071633238,0.071633238,0.071633238,0.071633238,0.071633238,0.071633238,0.071633238,0.071633238,0.071633238,0.071633238,,
"Fiji","179.414413,-16.578193",179.414413,-16.578193,"FJI","Forest area (% of land area)","AG.LND.FRST.ZS",52.15654078,52.30706076,52.45812808,52.60864806,52.75971538,52.91023536,53.06075534,53.21182266,53.36234264,53.51340996,53.66392994,53.84783799,54.03229338,54.21620142,54.40065681,54.58456486,54.76847291,54.9529283,55.13683634,55.32129174,55.50519978,55.68691845,55.87301587,,
"Finland","25.748151,61.92411",25.748151,61.92411,"FIN","Forest area (% of land area)","AG.LND.FRST.ZS",71.86381693,72.05095374,72.23809055,72.42522735,72.61236416,72.79950097,72.98663778,73.17377458,73.36091139,73.5480482,73.735185,73.53688565,73.3385863,73.14028694,72.94198759,72.74368824,72.85850515,72.86329705,72.9088516,72.9088516,72.9088516,72.91125078,72.91125078,,
"Fragile and conflict affected situations","25.748151,61.92411",25.748151,61.92411,"FCS","Forest area (% of land area)","AG.LND.FRST.ZS",27.98682259,27.87452618,27.78426025,27.55663749,27.41205072,27.26746465,27.12287163,26.97828487,26.8336988,26.68910578,26.54451971,26.44676766,26.35119653,26.25378324,26.15627712,26.05862346,25.95942666,25.86042999,25.76191711,25.66848893,25.56966699,24.4400099,24.57419804,,
"France","2.213749,46.227638",2.213749,46.227638,"FRA","Forest area (% of land area)","AG.LND.FRST.ZS",26.54839782,26.69742095,26.84644408,26.99546721,27.14449034,27.29351348,27.44253661,27.59155974,27.74058287,27.889606,28.03862913,28.17048538,28.29696715,28.42879836,28.56062958,28.6929847,28.78063032,28.86827594,28.95592156,29.04356718,29.1312128,29.21885842,29.3118027,,
"French Polynesia","-149.406843,-17.679742",-149.406843,-17.679742,"PYF","Forest area (% of land area)","AG.LND.FRST.ZS",15.0273224,16.39344262,17.75956284,19.12568306,20.49180328,21.8579235,23.22404372,24.59016393,25.95628415,27.32240437,28.68852459,30.05464481,31.42076503,32.78688525,34.15300546,35.51912568,36.8852459,38.25136612,39.61748634,40.98360656,42.34972678,43.71584699,45.08196721,,
"Gabon","11.609444,-0.803689",11.609444,-0.803689,"GAB","Forest area (% of land area)","AG.LND.FRST.ZS",85.38052548,85.38052548,85.38052548,85.38052548,85.38052548,85.38052548,85.38052548,85.38052548,85.38052548,85.38052548,85.38052548,85.38052548,85.38052548,85.38052548,85.38052548,85.38052548,85.38052548,85.38052548,85.38052548,85.38052548,85.38052548,85.38052548,85.38052548,,
"Gambia, The","-15.310139,13.443182",-15.310139,13.443182,"GMB","Forest area (% of land area)","AG.LND.FRST.ZS",43.67588933,43.86363636,44.0513834,44.23913043,44.42687747,44.61462451,44.80237154,44.99011858,45.17786561,45.36561265,45.55335968,45.75098814,45.9486166,46.14624506,46.34387352,46.54150198,46.71936759,46.8972332,47.07509881,47.25296443,47.43083004,47.60869565,47.78656126,,
"Georgia","43.356892,42.315407",43.356892,42.315407,"GEO","Forest area (% of land area)","AG.LND.FRST.ZS",39.99136566,,39.96258454,39.94243776,39.92948626,39.91365664,39.89638797,39.88055835,39.86328968,39.84746007,39.83019139,39.79421499,39.75679954,39.72082314,39.68340768,39.64743129,39.61001583,39.57260037,39.53662397,39.49978414,39.46308821,39.42639229,39.38955245,,
"Germany","10.451526,51.165691",10.451526,51.165691,"DEU","Forest area (% of land area)","AG.LND.FRST.ZS",30.76504454,30.86099734,30.95695013,31.05379239,31.1506402,31.24749355,31.34435246,31.44391921,31.54260501,31.64221445,31.7409371,31.74548581,31.74912572,31.75367679,31.75731858,31.75822915,31.76187199,31.76642671,31.77007142,31.77189409,31.77554006,31.77554006,31.77827509,,
"Ghana","-1.023194,7.946527",-1.023194,7.946527,"GHA","Forest area (% of land area)","AG.LND.FRST.ZS",32.73270634,32.13764613,31.54258592,30.94752571,30.3524655,29.75740529,29.16234508,28.56728487,27.97222466,27.37716445,26.78210425,26.27494067,25.76777709,25.26061352,24.75344994,24.24628637,23.73912279,23.23195922,22.72479564,22.21763206,21.71046849,21.20330491,20.69614134,,
"Greece","21.824312,39.074208",21.824312,39.074208,"GRC","Forest area (% of land area)","AG.LND.FRST.ZS",25.59348332,25.82777347,26.06206362,26.29635376,26.53064391,26.76493406,26.9992242,27.23351435,27.4678045,27.70209465,27.93638479,28.17067494,28.40496509,28.63925524,28.87354538,29.10783553,29.34212568,29.57641583,29.81070597,30.04499612,30.27928627,30.51357642,30.74786656,,
"Greenland","-42.604303,71.706936",-42.604303,71.706936,"GRL","Forest area (% of land area)","AG.LND.FRST.ZS",0.000585309,0.000585309,0.000585309,0.000585309,0.000585309,0.000585309,0.000585309,0.00048727,0.00048727,0.00048727,0.00048727,0.00048727,0.00048727,0.00048727,0.00048727,0.00048727,0.00048727,0.00048727,0.00048727,0.000535997,0.000535997,0.000535997,0.000535997,,
"Grenada","-61.604171,12.262776",-61.604171,12.262776,"GRD","Forest area (% of land area)","AG.LND.FRST.ZS",49.97058824,49.97058824,49.97058824,49.97058824,49.97058824,49.97058824,49.97058824,49.97058824,49.97058824,49.97058824,49.97058824,49.97058824,49.97058824,49.97058824,49.97058824,49.97058824,49.97058824,49.97058824,49.97058824,49.97058824,49.97058824,49.97058824,49.97058824,,
"Guatemala","-90.230759,15.783471",-90.230759,15.783471,"GTM","Forest area (% of land area)","AG.LND.FRST.ZS",44.30757745,43.80365808,43.29973871,42.79581934,42.29189996,41.78798059,41.28406122,40.78014184,40.27622247,39.7723031,39.26838373,38.76446435,38.26054498,37.75662561,37.25270623,36.74878686,36.22433744,35.69988802,35.1754386,34.65098918,34.12653975,33.60209033,33.07764091,,
"Guinea","-9.696645,9.945587",-9.696645,9.945587,"GIN","Forest area (% of land area)","AG.LND.FRST.ZS",29.56210321,29.41559499,29.26908677,29.12257854,28.97607032,28.8295621,28.68305388,28.53654566,28.39003744,28.24352922,28.097021,27.95051278,27.80400456,27.65749634,27.51098812,27.3644799,27.21797168,27.07146345,26.92495523,26.77844701,26.63193879,26.48543057,26.33892235,,
"Guinea-Bissau","-15.180413,11.803749",-15.180413,11.803749,"GNB","Forest area (% of land area)","AG.LND.FRST.ZS",78.80512091,78.46372688,78.12233286,77.78093883,77.43954481,77.09815078,76.75675676,76.41536273,76.07396871,75.73257468,75.39118065,75.04978663,74.7083926,74.36699858,74.02560455,73.68421053,73.32859175,72.97297297,72.6173542,72.26173542,71.90611664,71.55049787,71.19487909,,
"Guyana","-58.93018,4.860416",-58.93018,4.860416,"GUY","Forest area (% of land area)","AG.LND.FRST.ZS",77.24155448,77.24155448,77.24155448,77.24155448,77.24155448,77.24155448,77.24155448,77.24155448,77.24155448,77.24155448,77.24155448,77.24155448,77.24155448,77.24155448,77.24155448,77.24155448,77.24155448,77.24155448,77.24155448,77.24155448,77.24155448,77.24155448,77.24155448,,
"Haiti","-72.285215,18.971187",-72.285215,18.971187,"HTI","Forest area (% of land area)","AG.LND.FRST.ZS",4.208998549,4.183599419,4.15820029,4.132801161,4.107402032,4.082002903,4.056603774,4.031204644,4.005805515,3.980406386,3.955007257,3.925979681,3.896952104,3.867924528,3.838896952,3.809869376,3.7808418,3.751814224,3.722786647,3.693759071,3.664731495,3.635703919,3.606676343,,
"Heavily indebted poor countries (HIPC)","73.504158,-53.08181",73.504158,-53.08181,"HPC","Forest area (% of land area)","AG.LND.FRST.ZS",33.95769219,33.87097109,33.69269166,33.51440716,33.3361176,33.1578483,32.9795638,32.80128437,32.62300494,32.44472044,32.26644101,32.12313709,31.9817598,31.83844724,31.69513469,31.55182213,31.40725911,31.26272141,31.11821407,30.97368649,30.82915891,29.93437229,30.69537732,,
"High income","73.504158,-53.08181",73.504158,-53.08181,"HIC","Forest area (% of land area)","AG.LND.FRST.ZS",34.61983559,27.60138629,34.66940304,34.70261836,34.73255589,34.76120717,34.78816542,34.76774536,34.79262925,34.81437997,34.83654617,34.85105067,34.90511615,34.91873251,34.93362504,34.94594276,34.95188913,34.95346949,34.96509111,34.96678371,34.96925376,34.97097261,34.93170776,,
"High income: nonOECD","73.504158,-53.08181",73.504158,-53.08181,"NOC","Forest area (% of land area)","AG.LND.FRST.ZS",41.63733302,,41.6496442,41.66341431,41.6794634,41.69151422,41.69807102,41.55773529,41.55812642,41.54881223,41.56964265,41.56957482,41.56655547,41.56446997,41.56185561,41.55954452,41.57364354,41.58006663,41.58834269,41.59482829,41.60115802,41.60770335,41.61419585,,
"High income: OECD","73.504158,-53.08181",73.504158,-53.08181,"OEC","Forest area (% of land area)","AG.LND.FRST.ZS",30.22119517,30.19183518,30.27654033,30.34024888,30.37995797,30.41965756,30.45945796,30.49919407,30.53891743,30.57865374,30.60793524,30.63175016,30.71360489,30.73710403,30.76268037,30.78442116,30.78565118,30.78419289,30.79627745,30.79494984,30.79481001,30.79349154,30.73341657,,
"Honduras","-86.241905,15.199999",-86.241905,15.199999,"HND","Forest area (% of land area)","AG.LND.FRST.ZS",72.71427295,71.15559925,69.59692555,68.03825185,66.47957816,64.92090446,63.36223076,61.80355706,60.24488337,58.68620967,57.12753597,56.05505407,54.98257217,53.91009027,52.83760837,51.76512646,50.69264456,49.62016266,48.54768076,47.47519886,46.40271695,45.33023505,44.25775315,,
"Hungary","19.503304,47.162494",19.503304,47.162494,"HUN","Forest area (% of land area)","AG.LND.FRST.ZS",20.04005786,20.15800601,20.27595416,20.39617182,20.5141331,20.63209437,20.75005564,20.88195991,21,21.11804009,21.27873243,21.44833742,21.61794242,21.78754742,21.95715242,22.12922665,22.23189376,22.33456087,22.43722799,22.31083619,22.41245996,22.51408373,22.6157075,,
"Iceland","-19.020835,64.963051",-19.020835,64.963051,"ISL","Forest area (% of land area)","AG.LND.FRST.ZS",0.086783042,0.096458853,0.106134663,0.115810474,0.125486284,0.135162095,0.144837905,0.154513716,0.164189526,0.173865337,0.183541147,0.197506234,0.211471322,0.225436409,0.239401496,0.253366584,0.26234414,0.271321696,0.280299252,0.289276808,0.298254364,0.30723192,0.316209476,,
"India","78.96288,20.593684",78.96288,20.593684,"IND","Forest area (% of land area)","AG.LND.FRST.ZS",21.50518467,21.55398747,21.60279027,21.65159307,21.70039587,21.74919867,21.79800147,21.84680427,21.89560708,21.94440988,21.99321268,22.14920674,22.30520081,22.46119488,22.61718895,22.77318301,22.82195218,22.87072135,22.91949051,22.96825968,23.01702885,23.06579801,23.11456718,,
"Indonesia","113.921327,-0.789275",113.921327,-0.789275,"IDN","Forest area (% of land area)","AG.LND.FRST.ZS",65.43771425,64.38139294,63.32507162,62.26875031,61.212429,60.15610769,59.09978637,58.04346506,56.98714375,55.93082244,54.87450112,54.70315803,54.53181495,54.36047186,54.18912877,54.01778568,53.63966063,53.26153557,52.88341052,52.50528547,52.12716042,51.74903537,51.37091032,,
"Iran, Islamic Rep.","53.688046,32.427908",53.688046,32.427908,"IRN","Forest area (% of land area)","AG.LND.FRST.ZS",6.800528077,6.800528077,6.800528077,6.800528077,6.800528077,6.800528077,6.800528077,6.800528077,6.800528077,6.800528077,6.800528077,6.800528077,6.800528077,6.800528077,6.800528077,6.800528077,6.800528077,6.800528077,6.800528077,6.800528077,6.800528077,6.800528077,6.800528077,,
"Iraq","43.679291,33.223191",43.679291,33.223191,"IRQ","Forest area (% of land area)","AG.LND.FRST.ZS",1.838260512,1.841461463,1.844662414,1.847863365,1.851064316,1.854265267,1.857466219,1.86066717,1.863868121,1.867069072,1.870270023,1.873470974,1.876671925,1.879872877,1.883073828,1.886274779,1.886274779,1.886274779,1.886274779,1.89952109,1.89952109,1.89952109,1.89952109,,
"Ireland","-8.24389,53.41291",-8.24389,53.41291,"IRL","Forest area (% of land area)","AG.LND.FRST.ZS",6.749891131,6.996661344,7.243431558,7.490201771,7.736971984,7.983742198,8.230512411,8.477282624,8.724052838,8.970823051,9.217593265,9.391784003,9.565974742,9.740165481,9.91435622,10.08854696,10.21628683,10.34402671,10.47176658,10.59950646,10.72724633,10.85498621,10.98272609,,
"Israel","34.851612,31.046051",34.851612,31.046051,"ISR","Forest area (% of land area)","AG.LND.FRST.ZS",6.099815157,6.196857671,6.293900185,6.390942699,6.487985213,6.585027726,6.68207024,6.779112754,6.876155268,6.973197782,7.070240296,7.088724584,7.107208872,7.125693161,7.144177449,7.162661738,7.153419593,7.144177449,7.134935305,7.125693161,7.116451017,7.107208872,7.097966728,,
"Italy","12.56738,41.87194",12.56738,41.87194,"ITA","Forest area (% of land area)","AG.LND.FRST.ZS",25.80667097,26.07153786,26.33640475,26.60127163,26.86613852,27.13100541,27.39587229,27.66073918,27.92560607,28.19047295,28.45533984,28.72054673,28.98575363,29.24797715,29.513157,29.77833685,30.04351669,30.30869654,30.57387639,30.83905623,31.10423608,31.36941592,31.63459577,,
"Jamaica","-77.297508,18.109581",-77.297508,18.109581,"JAM","Forest area (% of land area)","AG.LND.FRST.ZS",31.81902124,31.78485688,31.75069252,31.71652816,31.6823638,31.64819945,31.61403509,31.57987073,31.54570637,31.51154201,31.47737765,31.44598338,31.4145891,31.38319483,31.35180055,31.32040628,31.28162512,31.24284395,31.20406279,31.16528163,31.12650046,31.0877193,31.04893813,,
"Japan","138.252924,36.204824",138.252924,36.204824,"JPN","Forest area (% of land area)","AG.LND.FRST.ZS",68.43115743,68.41086122,68.390565,68.37026879,68.34997257,68.32967636,68.32812071,68.30781893,68.28751715,68.26721536,68.24691358,68.27928669,68.31165981,68.34403292,68.37640604,68.40877915,68.43292181,68.45706447,68.48120713,68.50534979,68.52949246,68.55363512,68.56649111,,
"Jordan","36.238414,30.585164",36.238414,30.585164,"JOR","Forest area (% of land area)","AG.LND.FRST.ZS",1.10494107,1.10494107,1.10494107,1.10494107,1.10494107,1.10494107,1.10494107,1.10494107,1.10494107,1.10494107,1.10494107,1.10494107,1.10494107,1.10494107,1.10494107,1.10494107,1.10494107,1.10494107,1.10494107,1.09822032,1.09822032,1.09822032,1.09822032,,
"Kazakhstan","66.923684,48.019573",66.923684,48.019573,"KAZ","Forest area (% of land area)","AG.LND.FRST.ZS",1.267548246,,1.263325555,1.261214209,1.259102863,1.256991518,1.254880172,1.252768826,1.25065748,1.248546135,1.246434789,1.244360484,1.24228618,1.240211875,1.238137571,1.236063266,1.233988962,1.231914657,1.229840353,1.227766048,1.225691744,1.223617439,1.221543134,,
"Kenya","37.906193,-0.023559",37.906193,-0.023559,"KEN","Forest area (% of land area)","AG.LND.FRST.ZS",6.515092947,6.492954282,6.470815617,6.448676951,6.426538286,6.40439962,6.382260955,6.36012229,6.337983624,6.315844959,6.293706294,6.272621851,6.251537407,6.230452964,6.209368521,6.188284078,6.168956671,6.149629265,6.130301859,6.110974453,6.091647046,6.07231964,6.052992234,,
"Kiribati","-168.734039,-3.370417",-168.734039,-3.370417,"KIR","Forest area (% of land area)","AG.LND.FRST.ZS",15,15,15,15,15,15,15,15,15,15,15,15,15,15,15,15,15,15,15,15,15,15,15,,
"Korea, Dem. Rep.","-168.734039,-3.370417",-168.734039,-3.370417,"PRK","Forest area (% of land area)","AG.LND.FRST.ZS",68.10896105,67.05589237,66.00282369,64.949755,63.89668632,62.84361764,61.79054896,60.73748028,59.68441159,58.63134291,57.57827423,56.52520555,55.47213687,54.41906818,53.3659995,52.31293082,51.26152313,50.21011544,49.15870775,48.10730006,47.05589237,46.00448468,44.95307699,,
"Korea, Rep.","-168.734039,-3.370417",-168.734039,-3.370417,"KOR","Forest area (% of land area)","AG.LND.FRST.ZS",66.03773585,65.95272652,65.86771719,65.78270786,65.69769853,65.6126892,65.52767987,65.44267054,65.35766121,65.27265188,65.18764255,64.9307422,64.82901126,64.75413223,64.67258831,64.58440888,64.49628406,64.4015683,64.26053798,64.14624099,64.07826982,64.01029866,63.77812018,,
"Kuwait","47.481766,29.31166",47.481766,29.31166,"KWT","Forest area (% of land area)","AG.LND.FRST.ZS",0.19640853,0.202020202,0.207631874,0.218855219,0.224466891,0.235690236,0.241301908,0.24691358,0.258136925,0.263748597,0.274971942,0.280583614,0.286195286,0.297418631,0.303030303,0.314253648,0.31986532,0.325476992,0.335016835,0.342873176,0.350729517,0.358585859,0.3664422,,
"Kyrgyz Republic","47.481766,29.31166",47.481766,29.31166,"KGZ","Forest area (% of land area)","AG.LND.FRST.ZS",4.358706986,,4.383733055,4.395203337,4.406673618,4.4181439,4.429092805,4.440563087,4.452033368,4.46350365,4.474973931,4.486444213,4.497914494,4.509384776,4.520855057,4.532325339,4.620437956,4.708550574,4.796663191,4.884775808,4.972888425,5.061001043,5.14911366,,
"Lao PDR","74.766098,41.20438",74.766098,41.20438,"LAO","Forest area (% of land area)","AG.LND.FRST.ZS",75.01733102,74.67850953,74.33968804,74.00086655,73.66204506,73.32322357,72.98440208,72.64558059,72.3067591,71.96793761,71.62911612,71.29116118,70.95320624,70.6152513,70.27729636,69.93934142,69.60051993,69.26169844,68.92287695,68.58405546,68.24523397,67.90641248,67.56759099,,
"Latin America & Caribbean (all income levels)","102.495496,19.85627",102.495496,19.85627,"LCN","Forest area (% of land area)","AG.LND.FRST.ZS",51.81939341,51.57623019,51.33307245,51.08990924,50.84674602,50.60358828,50.36042506,50.11726185,49.94497525,49.70146699,49.45795824,49.21687788,48.73198757,48.49207878,48.2521747,48.01221821,47.8165785,47.62089627,47.4252482,47.22958624,47.03392378,46.83826529,46.87831444,,
"Latin America & Caribbean (developing only)","102.495496,19.85627",102.495496,19.85627,"LAC","Forest area (% of land area)","AG.LND.FRST.ZS",53.47504332,53.2134238,52.9518095,52.69018998,52.42857046,52.16695616,51.90533664,51.64371712,51.45873205,51.19672236,50.93471267,50.67796515,50.15785076,49.90241309,49.6469809,49.39149231,49.18151406,48.97148979,48.76148592,48.55148362,48.34148132,48.13147901,48.17564216,,
"Latvia","24.603189,56.879635",24.603189,56.879635,"LVA","Forest area (% of land area)","AG.LND.FRST.ZS",51.02106448,,51.2348061,51.34413789,51.45346968,51.56280147,51.67213326,51.78146505,51.89079684,52.00012863,52.10946042,52.2895363,52.46961219,52.64968808,52.82976397,53.00983986,53.19313139,53.37642292,53.55971445,53.756835,53.88817481,54.10610932,54.30685108,,
"Least developed countries: UN classification","24.603189,56.879635",24.603189,56.879635,"LDC","Forest area (% of land area)","AG.LND.FRST.ZS",32.79101712,32.69960972,32.5243943,32.34917392,32.184993,32.00972735,31.83444682,31.65917125,31.48389569,31.30861516,31.1327993,30.9949474,30.86264073,30.72480193,30.58969756,30.45193703,30.31938422,30.18693257,30.05489878,29.92254567,29.79023675,28.92301742,29.5372467,,
"Lebanon","35.862285,33.854721",35.862285,33.854721,"LBN","Forest area (% of land area)","AG.LND.FRST.ZS",12.8054741,12.8054741,12.8054741,12.8054741,12.8054741,12.8054741,12.8054741,12.8054741,12.8054741,12.8054741,12.8054741,12.91300098,13.02052786,13.12805474,13.23558162,13.3431085,13.35092864,13.35874878,13.36656891,13.37438905,13.38220919,13.39002933,13.39784946,,
"Lesotho","28.233608,-29.609988",28.233608,-29.609988,"LSO","Forest area (% of land area)","AG.LND.FRST.ZS",1.317523057,1.324110672,1.330698287,1.337285903,1.343873518,1.350461133,1.357048748,1.363636364,1.370223979,1.376811594,1.383399209,1.389986825,1.39657444,1.403162055,1.409749671,1.416337286,1.422924901,1.429512516,1.436100132,1.442687747,1.449275362,1.455862978,1.462450593,,
"Liberia","-9.429499,6.428055",-9.429499,6.428055,"LBR","Forest area (% of land area)","AG.LND.FRST.ZS",51.17317276,50.86171096,50.55024917,50.23878738,49.92732558,49.61586379,49.30440199,48.9929402,48.68147841,48.37001661,48.05855482,47.74709302,47.43563123,47.12416944,46.81270764,46.50124585,46.18978405,45.87832226,45.56686047,45.25539867,44.94393688,44.63247508,44.32101329,,
"Libya","17.228331,26.3351",17.228331,26.3351,"LBY","Forest area (% of land area)","AG.LND.FRST.ZS",0.123327688,0.123327688,0.123327688,0.123327688,0.123327688,0.123327688,0.123327688,0.123327688,0.123327688,0.123327688,0.123327688,0.123327688,0.123327688,0.123327688,0.123327688,0.123327688,0.123327688,0.123327688,0.123327688,0.123327688,0.123327688,0.123327688,0.123327688,,
"Lithuania","23.881275,55.169438",23.881275,55.169438,"LTU","Forest area (% of land area)","AG.LND.FRST.ZS",31.03063178,,31.26994257,31.38959796,31.50925335,31.62890874,31.74856414,31.86821953,31.98787492,32.10753031,32.22718571,32.54945756,32.87172942,33.19400128,33.51627313,33.83854499,33.9629866,34.08742821,34.21459912,34.33905066,34.46350219,34.5885056,34.71295912,,
"Low & middle income","23.881275,55.169438",23.881275,55.169438,"LMY","Forest area (% of land area)","AG.LND.FRST.ZS",30.38170152,31.84764057,30.15611318,30.03225057,29.91104829,29.78722503,29.66337162,29.53955217,29.426442,29.30269838,29.18487522,29.11326663,29.02889286,28.95828208,28.88810563,28.81873761,28.746429,28.67429483,28.60213552,28.53047652,28.45822813,28.19685097,28.29490093,,
"Low income","23.881275,55.169438",23.881275,55.169438,"LIC","Forest area (% of land area)","AG.LND.FRST.ZS",31.60996399,31.78781309,31.31594854,31.11605221,30.91615587,30.71625953,30.5163632,30.31646686,30.11657052,29.91667419,29.71607784,29.53097953,29.03150652,28.84889892,28.6665199,28.4840244,28.3089759,28.13404214,27.95963247,27.78482208,27.61006649,27.43518236,27.54446477,,
"Lower middle income","23.881275,55.169438",23.881275,55.169438,"LMC","Forest area (% of land area)","AG.LND.FRST.ZS",30.41749433,31.42661045,30.02226488,29.82348509,29.63471307,29.43602072,29.23729488,29.03859214,28.83988488,28.64118224,28.46224178,28.38704388,28.53412705,28.45910225,28.38546506,28.30942263,28.19150004,28.07368403,27.95582701,27.83797772,27.72017435,26.88231486,27.00544236,,
"Luxembourg","6.129583,49.815273",6.129583,49.815273,"LUX","Forest area (% of land area)","AG.LND.FRST.ZS",,,,,,,,,,,33.51351351,33.51351351,33.51351351,33.51351351,33.51351351,33.51351351,33.51351351,33.51351351,33.49420849,33.49420849,33.49420849,33.49420849,33.49420849,,
"Macedonia, FYR","21.745275,41.608635",21.745275,41.608635,"MKD","Forest area (% of land area)","AG.LND.FRST.ZS",35.86315376,,36.22493118,36.4058199,36.58670861,36.76759733,36.94848604,37.12937475,37.31026347,37.49115218,37.6720409,37.80574125,37.9394416,38.07314196,38.20684231,38.34054267,38.52143138,39.00911613,39.19143876,39.38937351,39.57176844,39.75416336,39.93655829,,
"Madagascar","46.869107,-18.766947",46.869107,-18.766947,"MDG","Forest area (% of land area)","AG.LND.FRST.ZS",23.54438216,23.44636654,23.34835093,23.25033532,23.1523197,23.05430409,22.95628848,22.85827286,22.76025725,22.66224163,22.56422602,22.46655432,22.36888262,22.27121092,22.17353922,22.07586752,21.97785191,21.8798363,21.78182068,21.68380507,21.58578946,21.48777384,21.38038312,,
"Malawi","34.301525,-13.254308",34.301525,-13.254308,"MWI","Forest area (% of land area)","AG.LND.FRST.ZS",41.32371659,40.97475605,40.6257955,40.27683496,39.92787442,39.57891387,39.22995333,38.88099279,38.53203224,38.1830717,37.83411116,37.48408994,37.13406873,36.78404752,36.4340263,36.08400509,35.73398388,35.38396266,35.03394145,34.68392024,34.33389902,33.98387781,33.6338566,,
"Malaysia","101.975766,4.210484",101.975766,4.210484,"MYS","Forest area (% of land area)","AG.LND.FRST.ZS",68.10531122,67.86638259,67.62745396,67.38852534,67.14959671,66.91066809,66.67173946,66.43281084,66.19388221,65.95495358,65.71602496,65.28930148,64.86257799,64.43585451,64.00913103,63.58240755,63.31821641,63.05402526,62.78983412,62.52564298,62.26145183,61.99726069,61.73306955,,
"Maldives","73.22068,3.202778",73.22068,3.202778,"MDV","Forest area (% of land area)","AG.LND.FRST.ZS",3,3,3,3,3,3,3,3,3,3,3,3,3,3,3,3,3,3,3,3,3,3,3,,
"Mali","-3.996166,17.570692",-3.996166,17.570692,"MLI","Forest area (% of land area)","AG.LND.FRST.ZS",11.53263016,11.46780419,11.40297822,11.33815225,11.27332629,11.20850032,11.14367435,11.07884838,11.01402241,10.94919644,10.88437047,10.81946254,10.75455462,10.68964669,10.62473877,10.55983085,10.49508683,10.43034282,10.3655988,10.30085478,10.23611077,10.17136675,10.10662274,,
"Malta","14.375416,35.937496",14.375416,35.937496,"MLT","Forest area (% of land area)","AG.LND.FRST.ZS",0.9375,0.9375,0.9375,0.9375,0.9375,0.9375,0.9375,0.9375,0.9375,0.9375,0.9375,0.9375,0.9375,0.9375,0.9375,0.9375,0.9375,0.9375,0.9375,0.9375,0.9375,0.9375,0.9375,,
"Marshall Islands","171.184478,7.131474",171.184478,7.131474,"MHL","Forest area (% of land area)","AG.LND.FRST.ZS",,70.22222222,70.22222222,70.22222222,70.22222222,70.22222222,70.22222222,70.22222222,70.22222222,70.22222222,70.22222222,70.22222222,70.22222222,70.22222222,70.22222222,70.22222222,70.22222222,70.22222222,70.22222222,70.22222222,70.22222222,70.22222222,70.22222222,,
"Mauritania","-10.940835,21.00789",-10.940835,21.00789,"MRT","Forest area (% of land area)","AG.LND.FRST.ZS",0.402638983,0.393130882,0.383622781,0.374114679,0.364606578,0.355098477,0.345590375,0.336082274,0.326574173,0.317066072,0.30755797,0.297855826,0.288153682,0.278451538,0.268749394,0.259047249,0.254196177,0.249345105,0.244494033,0.239642961,0.234791889,0.229940817,0.225089745,,
"Mauritius","57.552152,-20.348404",57.552152,-20.348404,"MUS","Forest area (% of land area)","AG.LND.FRST.ZS",19.11330049,19.10837438,19.10344828,19.09852217,19.09359606,19.08866995,19.08374384,19.07881773,19.07389163,19.06896552,19.06403941,18.68965517,18.31527094,17.9408867,17.56650246,17.19211823,17.20197044,17.21182266,17.22167488,17.23152709,17.24137931,17.25123153,17.26108374,,
"Mexico","-102.552784,23.634501",-102.552784,23.634501,"MEX","Forest area (% of land area)","AG.LND.FRST.ZS",36.15885182,35.97674837,35.79464492,35.61254147,35.43043803,35.24833458,35.06623113,34.88412768,34.70202423,34.51992078,34.33781733,34.21713521,34.0964531,33.97577098,33.85508887,33.73440675,33.6545693,33.57473186,33.49489442,33.41505697,33.33521953,33.25538208,33.17554464,,
"Micronesia, Fed. Sts.","150.550812,7.425554",150.550812,7.425554,"FSM","Forest area (% of land area)","AG.LND.FRST.ZS",,90.87142857,90.91428571,90.95714286,90.98571429,91.02857143,91.07142857,91.1,91.14285714,91.18571429,91.22857143,91.25714286,91.3,91.34285714,91.38571429,91.41428571,91.45714286,91.5,91.52857143,91.57142857,91.61428571,91.65714286,91.68571429,,
"Middle East & North Africa (all income levels)","150.550812,7.425554",150.550812,7.425554,"MEA","Forest area (% of land area)","AG.LND.FRST.ZS",1.95960173,1.961826206,1.964056085,1.966289455,1.968513928,1.970747298,1.972971771,1.975196243,1.977429613,1.979662984,1.981896354,1.98478105,1.987665745,1.990590331,1.993476847,1.996377611,1.998612804,2.000851536,2.003106278,2.005803656,2.008057131,2.01030793,2.012559619,,
"Middle East & North Africa (developing only)","150.550812,7.425554",150.550812,7.425554,"MNA","Forest area (% of land area)","AG.LND.FRST.ZS",2.390539732,2.392425492,2.394311252,2.396197012,2.398082772,2.399968532,2.401854292,2.403740052,2.405625812,2.407511572,2.409397332,2.413043906,2.41669048,2.4203891,2.424041363,2.427688025,2.430480195,2.433286401,2.436095419,2.439612872,2.442425533,2.44523537,2.448045207,,
"Middle income","150.550812,7.425554",150.550812,7.425554,"MIC","Forest area (% of land area)","AG.LND.FRST.ZS",30.09252407,31.86267247,29.88446442,29.7784102,29.67561354,29.56960937,29.46356821,29.35756872,29.26471441,29.15881586,29.06055648,29.01535259,29.02827083,28.98431454,28.94084251,28.89827139,28.85037625,28.80267032,28.75480574,28.70766163,28.65977066,28.3778408,28.47737766,,
"Moldova","28.369885,47.411631",28.369885,47.411631,"MDA","Forest area (% of land area)","AG.LND.FRST.ZS",9.704898083,,9.735320961,9.726858877,9.744990893,9.76313392,9.778317643,9.796476306,9.814646004,9.832826748,9.854014599,10.09124088,10.32846715,10.56890782,10.80291971,11.0367893,11.17664944,11.31650958,11.45636972,11.59622986,11.7489499,11.88896329,12.02678028,,
"Mongolia","103.846656,46.862496",103.846656,46.862496,"MNG","Forest area (% of land area)","AG.LND.FRST.ZS",8.069208785,8.016491156,7.963773527,7.911055897,7.858338268,7.805620639,7.75290301,7.700185381,7.647467751,7.594750122,7.542032493,7.489379232,7.436725971,7.38407271,7.33141945,7.278766189,7.225984191,7.173202194,7.120420196,7.067638199,7.014856201,6.962074204,6.909292206,,
"Montenegro","19.37439,42.708678",19.37439,42.708678,"MNE","Forest area (% of land area)","AG.LND.FRST.ZS",40.37174721,,,,,,,,,,40.37174721,,,,,40.37174721,40.37174721,40.37174721,40.37174721,40.37174721,40.37174721,40.37174721,40.37174721,,
"Morocco","-7.09262,31.791702",-7.09262,31.791702,"MAR","Forest area (% of land area)","AG.LND.FRST.ZS",11.31301815,11.30584808,11.29867802,11.29150795,11.28433789,11.27716782,11.26999776,11.26282769,11.25565763,11.24848756,11.2413175,11.26999776,11.29867802,11.32735828,11.35603854,11.3847188,11.40712525,11.42953171,11.45193816,11.47434461,11.49675106,11.51915752,11.54156397,,
"Mozambique","35.529562,-18.665695",35.529562,-18.665695,"MOZ","Forest area (% of land area)","AG.LND.FRST.ZS",55.16162669,54.88313538,54.60464407,54.32615275,54.04766144,53.76917012,53.49067881,53.21218749,52.93369618,52.65520486,52.37671355,52.09466161,51.81260968,51.53055775,51.24850581,50.96645388,50.6976271,50.42880033,50.15997355,49.89114677,49.62232,49.35349322,49.08466645,,
"Myanmar","35.529562,-18.665695",35.529562,-18.665695,"MMR","Forest area (% of land area)","AG.LND.FRST.ZS",60.00856872,59.34296294,58.67735716,58.01175138,57.34614561,56.68053983,56.01493405,55.34932827,54.6837225,54.01811672,53.35251094,52.87908927,52.40566759,51.93224592,51.46827462,50.999449,50.51708571,50.03947852,49.58166873,49.10852595,48.63760218,48.16145969,47.6875507,,
"Namibia","18.49041,-22.95764",18.49041,-22.95764,"NAM","Forest area (% of land area)","AG.LND.FRST.ZS",10.6426654,10.55399677,10.46532813,10.3766595,10.28799087,10.19932223,10.1106536,10.02198496,9.933316328,9.844647694,9.75597906,9.665852859,9.575726658,9.485600457,9.395474256,9.305348055,9.215221854,9.125095653,9.034969452,8.944843251,8.85471705,8.764590849,8.674464648,,
"Nepal","84.124008,28.394857",84.124008,28.394857,"NPL","Forest area (% of land area)","AG.LND.FRST.ZS",33.68531469,33.04405594,32.4027972,31.76153846,31.12027972,30.47902098,29.83776224,29.1965035,28.55524476,27.91398601,27.20613882,26.83780956,26.46948029,26.10115103,25.73282176,25.3644925,25.3644925,25.3644925,25.3644925,25.3644925,25.3644925,25.3644925,25.3644925,,
"Netherlands","5.291266,52.132633",5.291266,52.132633,"NLD","Forest area (% of land area)","AG.LND.FRST.ZS",10.21919431,10.26362559,10.30805687,10.35248815,10.39691943,10.44135071,10.48578199,10.53021327,10.57464455,10.61907583,10.66350711,10.69312796,10.72274882,10.75236967,10.78199052,10.81161137,10.81161137,10.81161137,10.81161137,10.82122739,10.82122739,10.82122739,10.82443654,,
"New Caledonia","165.618042,-20.904305",165.618042,-20.904305,"NCL","Forest area (% of land area)","AG.LND.FRST.ZS",45.89715536,45.89715536,45.89715536,45.89715536,45.89715536,45.89715536,45.89715536,45.89715536,45.89715536,45.89715536,45.89715536,45.89715536,45.89715536,45.89715536,45.89715536,45.89715536,45.89715536,45.89715536,45.89715536,45.89715536,45.89715536,45.89715536,45.89715536,,
"New Zealand","174.885971,-40.900557",174.885971,-40.900557,"NZL","Forest area (% of land area)","AG.LND.FRST.ZS",29.31905359,29.52641373,29.73377388,29.94113402,30.14849417,30.35585432,30.56321446,30.77057461,30.97793475,31.1852949,31.39265505,31.42683529,31.46101553,31.49519578,31.52937602,31.56355626,31.5316547,31.49975314,31.46785158,31.43595002,31.40404846,31.3721469,31.34024534,,
"Nicaragua","-85.207229,12.865416",-85.207229,12.865416,"NIC","Forest area (% of land area)","AG.LND.FRST.ZS",37.51038724,36.92870201,36.34701679,35.76533156,35.18364634,34.60196111,34.02027588,33.43859066,32.85690543,32.27522021,31.69353498,31.11184976,30.53016453,29.94847931,29.36679408,28.78510886,28.20342363,27.62173841,27.04005318,26.45836796,25.87668273,25.29499751,24.71331228,,
"Niger","8.081666,17.607789",8.081666,17.607789,"NER","Forest area (% of land area)","AG.LND.FRST.ZS",1.535485908,1.486776664,1.438067419,1.389358175,1.34064893,1.291939686,1.243230441,1.194521197,1.145811952,1.097102708,1.048393463,1.038604247,1.028815031,1.019025815,1.009236599,0.999447383,0.989658167,0.979868951,0.970079735,0.960290519,0.950501303,0.940712087,0.93092287,,
"Nigeria","8.675277,9.081999",8.675277,9.081999,"NGA","Forest area (% of land area)","AG.LND.FRST.ZS",18.92245023,18.47261109,18.02277194,17.57293279,17.12309365,16.6732545,16.22341535,15.7735762,15.32373706,14.87389791,14.42405876,13.97432941,13.52460006,13.07487071,12.62514136,12.17541201,11.72568266,11.27595331,10.82622396,10.37649461,9.926765265,9.477035915,9.027306565,,
"North America","167.954712,-29.040835",167.954712,-29.040835,"NAC","Forest area (% of land area)","AG.LND.FRST.ZS",33.22664487,33.24779263,33.2689404,33.29008816,33.31123593,33.33238369,33.35353146,33.37467922,33.39582699,33.41697475,33.43270076,33.45365885,33.47461694,33.49557503,33.51653312,33.53749121,33.55846025,33.5794293,33.62710775,33.64809347,33.66907918,33.6900649,33.71105061,,
"Northern Mariana Islands","145.38469,17.33083",145.38469,17.33083,"MNP","Forest area (% of land area)","AG.LND.FRST.ZS",,72.69565217,72.34782609,72,71.63043478,71.2826087,70.91304348,70.56521739,70.19565217,69.84782609,69.47826087,69.13043478,68.7826087,68.41304348,68.06521739,67.69565217,67.34782609,66.97826087,66.63043478,66.26086957,65.91304348,65.54347826,65.19565217,,
"Norway","8.468946,60.472024",8.468946,60.472024,"NOR","Forest area (% of land area)","AG.LND.FRST.ZS",24.99534588,25.04216082,25.08897577,25.13579071,25.18260565,25.22942059,25.27623553,25.32305047,25.36986541,25.41668036,25.4634953,25.67265679,31.06940975,31.32049428,31.57157881,31.82266334,32.07374786,32.32483239,32.449013,32.69911939,33.08134758,33.33245686,27.97343321,,
"Not classified","8.468946,60.472024",8.468946,60.472024,"INX","Forest area (% of land area)","AG.LND.FRST.ZS",,,,,,,,,,,,,,,,,,,,,,,,,
"OECD members","8.468946,60.472024",8.468946,60.472024,"OED","Forest area (% of land area)","AG.LND.FRST.ZS",30.13519756,30.09908041,30.16833191,30.21859323,30.2464113,30.27422066,30.30212211,30.33001782,30.35784887,30.38569173,30.40430318,30.42324542,30.49511263,30.51375866,30.53429796,30.55135027,30.55166846,30.54953678,30.55974544,30.55691252,30.55598185,30.55397733,30.49843354,,
"Oman","55.923255,21.512583",55.923255,21.512583,"OMN","Forest area (% of land area)","AG.LND.FRST.ZS",0.006462036,0.006462036,0.006462036,0.006462036,0.006462036,0.006462036,0.006462036,0.006462036,0.006462036,0.006462036,0.006462036,0.006462036,0.006462036,0.006462036,0.006462036,0.006462036,0.006462036,0.006462036,0.006462036,0.006462036,0.006462036,0.006462036,0.006462036,,
"Other small states","55.923255,21.512583",55.923255,21.512583,"OSS","Forest area (% of land area)","AG.LND.FRST.ZS",29.01288325,28.82037486,28.71018355,28.60004612,28.59652434,28.48592046,28.37537067,28.26476679,28.15416291,28.04361311,28.02283621,27.8202691,27.70337878,27.59065553,27.50296191,27.48395417,27.37193289,27.25991161,27.14786347,27.03586368,26.92368121,26.81149873,26.7037744,,
"Pacific island small states","55.923255,21.512583",55.923255,21.512583,"PSS","Forest area (% of land area)","AG.LND.FRST.ZS",61.56985996,62.0886569,62.11093799,62.13306326,62.15534434,62.17793705,62.19943908,62.22249922,62.24400125,62.26565908,62.28871923,62.25880337,62.23075725,62.2009972,62.17295108,62.14303521,62.10860081,62.07432222,62.039732,62.00545341,61.97101901,61.93596136,61.90199439,,
"Pakistan","69.345116,30.375321",69.345116,30.375321,"PAK","Forest area (% of land area)","AG.LND.FRST.ZS",3.278071814,3.224756123,3.171440432,3.118124741,3.064809049,3.011493358,2.958177667,2.904861976,2.851546285,2.798230594,2.744914902,2.689393939,2.633872976,2.578352013,2.52283105,2.467310087,2.411789124,2.356268161,2.299968867,2.24418846,2.188408053,2.132627646,2.07684724,,
"Palau","134.58252,7.51498",134.58252,7.51498,"PLW","Forest area (% of land area)","AG.LND.FRST.ZS",,83.26086957,83.56521739,83.86956522,84.19565217,84.56521739,84.7826087,85.2173913,85.43478261,85.65217391,86.08695652,86.30434783,86.73913043,86.95652174,87.39130435,87.60869565,87.60869565,87.60869565,87.60869565,87.60869565,87.60869565,87.60869565,87.60869565,,
"Panama","-80.782127,8.537981",-80.782127,8.537981,"PAN","Forest area (% of land area)","AG.LND.FRST.ZS",51.00887813,50.43987086,49.8708636,49.30185634,48.73284907,48.16384181,47.59483454,47.02582728,46.45682002,45.88781275,45.31880549,45.16007533,45.00134517,44.84261501,44.68388485,44.52515469,44.36642454,44.20769438,44.04896422,43.89023406,43.7315039,43.57277374,43.41404358,,
"Papua New Guinea","143.95555,-6.314993",143.95555,-6.314993,"PNG","Forest area (% of land area)","AG.LND.FRST.ZS",69.60870909,69.30177097,68.99483284,68.68789471,68.38095659,68.07401846,67.76708033,67.46014221,67.15320408,66.84626595,66.53932783,66.23194806,65.9245683,65.61718854,65.30980877,65.00242901,64.68842468,64.37442035,64.06041602,63.74641169,63.43240737,63.11840304,62.80439871,,
"Paraguay","-58.443832,-23.442503",-58.443832,-23.442503,"PRY","Forest area (% of land area)","AG.LND.FRST.ZS",53.25195067,52.80166121,52.35137176,51.90108231,51.45079285,51.0005034,50.55021394,50.09992449,49.64963504,49.19934558,48.74905613,48.29952177,47.84998742,47.40045306,46.9509187,46.50138434,46.05184999,45.60231563,45.15278127,44.70324692,44.25371256,43.8041782,43.35464385,,
"Peru","-75.015152,-9.189967",-75.015152,-9.189967,"PER","Forest area (% of land area)","AG.LND.FRST.ZS",54.809375,54.73570313,54.66203125,54.58835938,54.5146875,54.44101563,54.36734375,54.29367188,54.22,54.14632813,54.07265625,53.9990625,53.92546875,53.851875,53.77828125,53.7046875,53.5875,53.4703125,53.353125,53.2359375,53.11875,53.0015625,52.884375,,
"Philippines","121.774017,12.879721",121.774017,12.879721,"PHL","Forest area (% of land area)","AG.LND.FRST.ZS",22.0344099,22.21786229,22.40131469,22.58476708,22.76821947,22.95167187,23.13512426,23.31857665,23.50202904,23.68548144,23.86893383,24.0527216,24.23650937,24.42029715,24.60408492,24.78787269,24.97166046,25.15544823,25.33923601,25.52302378,25.70681155,25.89059932,26.07438709,,
"Poland","19.145136,51.919438",19.145136,51.919438,"POL","Forest area (% of land area)","AG.LND.FRST.ZS",28.99539652,29.05351138,29.11162624,29.1697411,29.22785595,29.28597081,29.34408567,29.40220053,29.46031539,29.51843025,29.5765451,29.66861471,29.76068432,29.857628,30.14065067,30.03297098,30.32635488,30.41840592,30.51147196,30.6035503,30.69362262,30.78875555,30.67010646,,
"Portugal","-8.224454,39.399872",-8.224454,39.399872,"PRT","Forest area (% of land area)","AG.LND.FRST.ZS",36.36065574,36.46229508,36.56393443,36.66557377,36.76721311,36.86885246,36.9704918,37.07213115,37.17377049,37.27540984,37.37704918,37.41420765,37.45136612,37.48852459,37.52568306,37.57516126,37.61670493,37.65824861,37.69979228,37.74133596,37.78287963,37.82442331,37.8163555,,
"Romania","24.96676,45.943161",24.96676,45.943161,"ROU","Forest area (% of land area)","AG.LND.FRST.ZS",27.77850447,27.7630088,27.76082977,27.75865075,27.75042482,27.75066452,27.74485884,27.7414717,27.73204408,27.72865854,27.7132036,27.73497018,27.7374168,27.74951076,27.76521739,27.78937299,27.94764762,28.11692549,28.27403219,28.41258802,28.57204955,28.71654501,28.89227024,,
"Russian Federation","105.318756,61.52401",105.318756,61.52401,"RUS","Forest area (% of land area)","AG.LND.FRST.ZS",49.35646539,,49.36034582,49.37364901,49.39020824,49.40105187,49.40426647,49.40412671,49.39808196,49.37829003,49.40184991,49.39872189,49.39137192,49.38540918,49.37881343,49.37248915,49.38715598,49.39081949,49.39710702,49.40077072,49.40443442,49.40809813,49.41176183,,
"Rwanda","29.873888,-1.940278",29.873888,-1.940278,"RWA","Forest area (% of land area)","AG.LND.FRST.ZS",12.89014998,12.99554114,13.10093231,13.20632347,13.31171463,13.4171058,13.52249696,13.62788812,13.73327929,13.83867045,13.94406161,14.27644913,14.60883664,14.94122416,15.27361167,15.60599919,16.01134982,16.41670045,16.82205107,17.2274017,17.63275233,18.03810296,18.44345359,,
"Samoa","-172.104629,-13.759029",-172.104629,-13.759029,"WSM","Forest area (% of land area)","AG.LND.FRST.ZS",45.93639576,47.38515901,48.83392226,50.28268551,51.73144876,53.18021201,54.62897527,56.07773852,57.52650177,58.97526502,60.42402827,60.42402827,60.42402827,60.42402827,60.42402827,60.42402827,60.42402827,60.42402827,60.42402827,60.42402827,60.42402827,60.42402827,60.42402827,,
"Sao Tome and Principe","12.457777,43.94236",12.457777,43.94236,"STP","Forest area (% of land area)","AG.LND.FRST.ZS",28.125,28.125,28.125,28.125,28.125,28.125,28.125,28.125,28.125,28.125,28.125,28.125,28.125,28.125,28.125,28.125,28.125,28.125,28.125,28.125,28.125,28.125,28.125,,
"Saudi Arabia","45.079162,23.885942",45.079162,23.885942,"SAU","Forest area (% of land area)","AG.LND.FRST.ZS",0.454484135,0.454484135,0.454484135,0.454484135,0.454484135,0.454484135,0.454484135,0.454484135,0.454484135,0.454484135,0.454484135,0.454484135,0.454484135,0.454484135,0.454484135,0.454484135,0.454484135,0.454484135,0.454484135,0.454484135,0.454484135,0.454484135,0.454484135,,
"Senegal","-14.452362,14.497401",-14.452362,14.497401,"SEN","Forest area (% of land area)","AG.LND.FRST.ZS",48.55451099,48.32078118,48.08705137,47.85332156,47.61855295,47.38586194,47.15213214,46.91840233,46.68467252,46.45094271,46.2172129,45.98348309,45.74975329,45.51602348,45.28229367,45.04856386,44.83976523,44.6320054,44.42424557,44.21648574,44.00872591,43.80096608,43.59320625,,
"Serbia","21.005859,44.016521",21.005859,44.016521,"SRB","Forest area (% of land area)","AG.LND.FRST.ZS",26.44637549,,,,,,,,,,28.12714384,,,,,28.31008461,28.85204665,29.39400869,29.93597073,30.47793277,31.01989481,31.56185685,32.10381889,,
"Seychelles","55.491977,-4.679574",55.491977,-4.679574,"SYC","Forest area (% of land area)","AG.LND.FRST.ZS",88.47826087,88.47826087,88.47826087,88.47826087,88.47826087,88.47826087,88.47826087,88.47826087,88.47826087,88.47826087,88.47826087,88.47826087,88.47826087,88.47826087,88.47826087,88.47826087,88.47826087,88.47826087,88.47826087,88.47826087,88.47826087,88.47826087,88.47826087,,
"Sierra Leone","-11.779889,8.460555",-11.779889,8.460555,"SLE","Forest area (% of land area)","AG.LND.FRST.ZS",43.19756165,42.92601829,42.65447492,42.38293156,42.1113882,41.83984483,41.56830147,41.2967581,41.02521474,40.75367138,40.48212801,40.21058465,40.25132645,39.97765987,39.7039933,39.43032672,39.15666015,38.88299358,38.609327,38.33566043,38.06199386,37.78832728,37.22360765,,
"Singapore","103.819836,1.352083",103.819836,1.352083,"SGP","Forest area (% of land area)","AG.LND.FRST.ZS",3.432835821,3.432835821,3.432835821,3.432835821,3.432835821,3.432835821,3.432835821,3.432835821,3.432835821,3.432835821,3.432835821,3.432835821,3.407407407,3.347889374,3.338171263,3.338171263,3.314121037,3.309352518,3.285714286,3.285714286,3.285714286,3.285714286,3.285714286,,
"Slovak Republic","103.819836,1.352083",103.819836,1.352083,"SVK","Forest area (% of land area)","AG.LND.FRST.ZS",39.95841996,,,39.95218295,39.95010395,39.94802495,39.94594595,39.94386694,39.94178794,39.93970894,39.93762994,39.98336798,40.02910603,40.06651424,40.12058212,40.16632017,40.17047817,40.17463617,40.17879418,40.19130796,40.19463101,40.20129762,40.20545666,,
"Slovenia","14.995463,46.151241",14.995463,46.151241,"SVN","Forest area (% of land area)","AG.LND.FRST.ZS",58.98709037,,59.43396226,59.65739821,59.88083416,60.10427011,60.32770606,60.55114201,60.77457795,60.9980139,61.22144985,61.32075472,61.42005958,61.51936445,61.61866931,61.71797418,61.81727905,61.91658391,62.01588878,62.11519364,62.21449851,62.31380338,62.41310824,,
"Small states","14.995463,46.151241",14.995463,46.151241,"SST","Forest area (% of land area)","AG.LND.FRST.ZS",38.91110071,38.83744576,38.74551825,38.65358643,38.67678202,38.58458859,38.49236496,38.40014133,38.3079177,38.21569838,38.13644456,38.02806742,37.92813645,37.8327017,37.76477292,37.68486399,37.58819452,37.49157227,37.39487705,37.29824192,37.20145659,37.10465408,37.0126593,,
"Solomon Islands","160.156194,-9.64571",160.156194,-9.64571,"SLB","Forest area (% of land area)","AG.LND.FRST.ZS",83.02965345,82.82958199,82.62951054,82.42943909,82.22936763,82.02929618,81.82922472,81.62915327,81.42908181,81.22901036,81.02893891,80.83601286,80.64308682,80.45016077,80.25723473,80.06430868,79.86423723,79.66416577,79.46409432,79.26402287,79.06395141,78.86387996,78.6638085,,
"Somalia","46.199616,5.152149",46.199616,5.152149,"SOM","Forest area (% of land area)","AG.LND.FRST.ZS",13.20177256,13.07951031,12.95724806,12.83498581,12.71272356,12.59046131,12.46819906,12.34593681,12.22367456,12.10141231,11.97915006,11.85672841,11.73430676,11.6118851,11.48946345,11.3670418,11.24462014,11.12219849,10.99977684,10.87735518,10.75493353,10.63251188,10.51009022,,
"South Africa","22.937506,-30.559482",22.937506,-30.559482,"ZAF","Forest area (% of land area)","AG.LND.FRST.ZS",7.617736524,7.617736524,7.617736524,7.617736524,7.617736524,7.617736524,7.617736524,7.617736524,7.617736524,7.617736524,7.617736524,7.617736524,7.617736524,7.617736524,7.617736524,7.617736524,7.617736524,7.617736524,7.617736524,7.617736524,7.617736524,7.617736524,7.617736524,,
"South Asia","22.937506,-30.559482",22.937506,-30.559482,"SAS","Forest area (% of land area)","AG.LND.FRST.ZS",16.63507909,16.63371921,16.63235933,16.63099945,16.65376049,16.65239864,16.65103679,16.64967494,16.64831308,16.64695123,16.64436884,16.71698169,16.79083628,16.86345449,16.94204674,17.01469057,17.03476928,17.05484798,17.07480093,17.09483772,17.11487451,17.13491129,17.15367896,,
"Spain","-3.74922,40.463667",-3.74922,40.463667,"ESP","Forest area (% of land area)","AG.LND.FRST.ZS",27.66778792,28.30229857,28.93700945,29.5715201,30.2064312,30.84074163,31.47525228,32.10996316,32.74447381,33.37918469,34.04368737,34.19902913,34.28582879,34.39654654,34.52081414,34.64946202,35.00982003,35.35332893,35.72814755,36.08119487,36.4340016,36.78688853,37.13977546,,
"Sri Lanka","80.771797,7.873054",80.771797,7.873054,"LKA","Forest area (% of land area)","AG.LND.FRST.ZS",37.47408707,37.04672301,36.61935895,36.1919949,35.76463084,35.33726678,34.90990273,34.48253867,34.05517461,33.62781056,33.2004465,32.72524318,32.25003987,31.77483655,31.29963323,30.82442992,30.59161218,30.35879445,30.12597672,29.89315899,29.66034125,29.42752352,29.19470579,,
"St. Kitts and Nevis","80.771797,7.873054",80.771797,7.873054,"KNA","Forest area (% of land area)","AG.LND.FRST.ZS",42.30769231,42.30769231,42.30769231,42.30769231,42.30769231,42.30769231,42.30769231,42.30769231,42.30769231,42.30769231,42.30769231,42.30769231,42.30769231,42.30769231,42.30769231,42.30769231,42.30769231,42.30769231,42.30769231,42.30769231,42.30769231,42.30769231,42.30769231,,
"St. Lucia","80.771797,7.873054",80.771797,7.873054,"LCA","Forest area (% of land area)","AG.LND.FRST.ZS",71.80327869,72.27868852,72.75409836,73.2295082,73.70491803,74.18032787,74.6557377,75.13114754,75.60655738,76.08196721,76.55737705,76.6557377,76.75409836,76.85245902,76.95081967,77.04918033,77.04918033,77.04918033,77.04918033,77.04918033,77.04918033,77.04918033,77.04918033,,
"St. Vincent and the Grenadines","80.771797,7.873054",80.771797,7.873054,"VCT","Forest area (% of land area)","AG.LND.FRST.ZS",64.87179487,65.05128205,65.23076923,65.41025641,65.58974359,65.76923077,65.94871795,66.12820513,66.30769231,66.48717949,66.66666667,66.82051282,66.97435897,67.12820513,67.28205128,67.43589744,67.64102564,67.84615385,68.05128205,68.25641026,68.46153846,68.66666667,68.87179487,,
"Sub-Saharan Africa (all income levels)","80.771797,7.873054",80.771797,7.873054,"SSF","Forest area (% of land area)","AG.LND.FRST.ZS",31.30145717,31.19408871,31.02149937,30.84891003,30.67631221,30.50373134,30.331142,30.15855265,29.98596331,29.81337397,29.64078462,29.49505049,29.35001229,29.2042747,29.05853711,28.91279952,28.76760731,28.62243626,28.47728851,28.33212763,28.18695235,27.41427586,27.72899191,,
"Sub-Saharan Africa (developing only)","80.771797,7.873054",80.771797,7.873054,"SSA","Forest area (% of land area)","AG.LND.FRST.ZS",31.26000592,31.1528283,30.98052972,30.80823114,30.63592408,30.46363398,30.2913354,30.11903681,29.94673823,29.77443965,29.60214107,29.45672539,29.31200557,29.16658644,29.02116731,28.87574818,28.73088355,28.58604012,28.44122,28.29638674,28.15153907,27.37844402,27.69012052,,
"Sudan","30.217636,12.862807",30.217636,12.862807,"SDN","Forest area (% of land area)","AG.LND.FRST.ZS",32.14705387,31.89911616,31.65122054,31.40328283,31.15538721,30.90749158,30.65955387,30.41165825,30.16376263,29.91582492,29.66792929,29.64511785,29.6223064,29.59949495,29.5766835,29.55387205,29.53106061,29.50824916,29.48543771,29.46262626,29.43981481,23.17980219,,,
"Suriname","-56.027783,3.919305",-56.027783,3.919305,"SUR","Forest area (% of land area)","AG.LND.FRST.ZS",94.71794872,94.71794872,94.71794872,94.71794872,94.71794872,94.71794872,94.71794872,94.71794872,94.71794872,94.71794872,94.71794872,94.71794872,94.71794872,94.71794872,94.71794872,94.71794872,94.69487179,94.67179487,94.64871795,94.62564103,94.6025641,94.57948718,94.55641026,,
"Swaziland","31.465866,-26.522503",31.465866,-26.522503,"SWZ","Forest area (% of land area)","AG.LND.FRST.ZS",27.44186047,27.70930233,27.97674419,28.24418605,28.51162791,28.77906977,29.04651163,29.31395349,29.58139535,29.84883721,30.11627907,30.38372093,30.65116279,30.91860465,31.18604651,31.45348837,31.70930233,31.96511628,32.22093023,32.47674419,32.73255814,32.98837209,33.24418605,,
"Sweden","18.643501,60.128161",18.643501,60.128161,"SWE","Forest area (% of land area)","AG.LND.FRST.ZS",66.48389141,66.51021104,66.53653068,66.56285032,66.58916996,66.61548959,66.64180923,66.66812887,66.69444851,66.72076814,66.74708778,67.14383194,67.54057611,67.93732027,68.33406443,68.7308086,68.7308086,68.7308086,68.7308086,68.7308086,68.7308086,68.7308086,69.23700103,,
"Switzerland","8.227512,46.818188",8.227512,46.818188,"CHE","Forest area (% of land area)","AG.LND.FRST.ZS",29.11786283,29.22664373,29.33542462,29.44420552,29.55298642,29.66176731,29.77130136,29.88084094,29.99038607,30.09993675,30.20949297,30.32664524,30.08,30.195,30.31,30.425,30.54,30.655,30.77,30.885,31,31.115,31.61251139,,
"Syrian Arab Republic","38.996815,34.802075",38.996815,34.802075,"SYR","Forest area (% of land area)","AG.LND.FRST.ZS",2.024159321,2.056807052,2.089454783,2.122102514,2.154750245,2.187397976,2.220045707,2.252693438,2.285341169,2.3179889,2.350636631,2.382196104,2.413755577,2.447845743,2.479708013,2.51130359,2.543157436,2.57569157,2.608364191,2.641036811,2.673855035,2.706529434,2.739203834,,
"Tajikistan","71.276093,38.861034",71.276093,38.861034,"TJK","Forest area (% of land area)","AG.LND.FRST.ZS",2.915118605,,2.917976565,2.919405544,2.920834524,2.922263504,2.923692484,2.925121463,2.926550443,2.927979423,2.929408402,2.929408402,2.929408402,2.929408402,2.929408402,2.929408402,2.929408402,2.929408402,2.929408402,2.929408402,2.929408402,2.929408402,2.929408402,,
"Tanzania","34.888822,-6.369028",34.888822,-6.369028,"TZA","Forest area (% of land area)","AG.LND.FRST.ZS",46.84466019,46.38936555,45.9340709,45.47877625,45.0234816,44.56818695,44.1128923,43.65759765,43.202303,42.74700835,42.29171371,41.83630616,41.38089862,40.92549108,40.47008354,40.014676,39.55926846,39.10386092,38.64845338,38.19304583,37.73763829,37.28223075,36.82682321,,
"Thailand","100.992541,15.870032",100.992541,15.870032,"THA","Forest area (% of land area)","AG.LND.FRST.ZS",38.26459708,38.15792049,38.05124391,37.94456732,37.83789074,37.73121416,37.62453757,37.51786099,37.4111844,37.30450782,37.19783124,37.15633502,37.11483881,37.0733426,37.03184639,36.99035017,37.01931923,37.04828828,37.07725734,37.10622639,37.13519544,37.1641645,37.19313355,,
"Timor-Leste","125.727539,-8.874217",125.727539,-8.874217,"TLS","Forest area (% of land area)","AG.LND.FRST.ZS",64.96301278,64.20981843,63.45662408,62.70342972,61.95023537,61.19704102,60.44384667,59.69065232,58.93745797,58.18426362,57.43106927,56.67787492,55.92468056,55.17148621,54.41829186,53.66509751,52.91190316,52.15870881,51.40551446,50.65232011,49.89912576,49.14593141,48.39273705,,
"Togo","0.824782,8.619543",0.824782,8.619543,"TGO","Forest area (% of land area)","AG.LND.FRST.ZS",12.59422688,12.2283508,11.86247472,11.49659864,11.13072256,10.76484648,10.3989704,10.03309432,9.667218239,9.301342158,8.935466078,8.567751425,8.200036771,7.832322118,7.464607465,7.096892811,6.732855304,6.368817797,6.00478029,5.640742784,5.276705277,4.91266777,4.91266777,,
"Tonga","-175.198242,-21.178986",-175.198242,-21.178986,"TON","Forest area (% of land area)","AG.LND.FRST.ZS",12.5,12.5,12.5,12.5,12.5,12.5,12.5,12.5,12.5,12.5,12.5,12.5,12.5,12.5,12.5,12.5,12.5,12.5,12.5,12.5,12.5,12.5,12.5,,
"Trinidad and Tobago","-61.222503,10.691803",-61.222503,10.691803,"TTO","Forest area (% of land area)","AG.LND.FRST.ZS",46.92007797,46.78167641,46.64327485,46.50487329,46.36647173,46.22807018,46.08966862,45.95126706,45.8128655,45.67446394,45.53606238,45.3957115,45.25536062,45.11500975,44.97465887,44.83430799,44.69395712,44.55360624,44.41325536,44.27290448,44.13255361,43.99220273,43.85185185,,
"Tunisia","9.537499,33.886917",9.537499,33.886917,"TUN","Forest area (% of land area)","AG.LND.FRST.ZS",4.138774459,4.263645726,4.388516993,4.51338826,4.638259526,4.763130793,4.88800206,5.012873326,5.137744593,5.26261586,5.387487127,5.499485067,5.611483007,5.723480947,5.835478888,5.947476828,6.053038105,6.158599382,6.264160659,6.369721936,6.475283213,6.58084449,6.686405767,,
"Turkey","35.243322,38.963745",35.243322,38.963745,"TUR","Forest area (% of land area)","AG.LND.FRST.ZS",12.57747229,12.63802087,12.69856944,12.75911802,12.81966659,12.88021517,12.94076374,13.00131232,13.06186089,13.12240947,13.18295804,13.33731793,13.49167782,13.64603771,13.80039759,13.95475748,14.10911737,14.26347726,14.41783714,14.57219703,14.72655692,14.8809168,15.03527669,,
"Turkmenistan","59.556278,38.969719",59.556278,38.969719,"TKM","Forest area (% of land area)","AG.LND.FRST.ZS",8.782159045,,8.782159045,8.782159045,8.782159045,8.782159045,8.782159045,8.782159045,8.782159045,8.782159045,8.782159045,8.782159045,8.782159045,8.782159045,8.782159045,8.782159045,8.782159045,8.782159045,8.782159045,8.782159045,8.782159045,8.782159045,8.782159045,,
"Turks and Caicos Islands","-71.797928,21.694025",-71.797928,21.694025,"TCA","Forest area (% of land area)","AG.LND.FRST.ZS",36.21052632,36.21052632,36.21052632,36.21052632,36.21052632,36.21052632,36.21052632,36.21052632,36.21052632,36.21052632,36.21052632,36.21052632,36.21052632,36.21052632,36.21052632,36.21052632,36.21052632,36.21052632,36.21052632,36.21052632,36.21052632,36.21052632,36.21052632,,
"Uganda","32.290275,1.373333",32.290275,1.373333,"UGA","Forest area (% of land area)","AG.LND.FRST.ZS",23.77758871,23.33616936,22.89475001,22.45333066,22.01191132,21.57049197,21.12907262,20.68765327,20.24623392,19.80481457,19.36339523,18.92297683,18.48255843,18.04214003,17.60172164,17.16130324,16.71988389,16.27846454,15.83704519,15.39562584,14.9542065,14.51278715,14.0713678,,
"Ukraine","31.16558,48.379433",31.16558,48.379433,"UKR","Forest area (% of land area)","AG.LND.FRST.ZS",16.00759472,,16.08906533,16.12980064,16.17053595,16.21127125,16.25200656,16.29274187,16.33347717,16.37421248,16.41494779,16.43738673,16.46010978,16.48254911,16.50498844,16.52628672,16.57173433,16.61747191,16.66263896,16.70751916,16.75239936,16.79727957,16.84215977,,
"United Arab Emirates","53.847818,23.424076",53.847818,23.424076,"ARE","Forest area (% of land area)","AG.LND.FRST.ZS",2.93062201,3.008373206,3.086124402,3.163875598,3.241626794,3.31937799,3.397129187,3.474880383,3.552631579,3.630382775,3.708133971,3.71291866,3.717703349,3.722488038,3.727272727,3.732057416,3.745215311,3.757177033,3.770334928,3.78277512,3.795454545,3.808133971,3.820813397,,
"United Kingdom","-3.435973,55.378051",-3.435973,55.378051,"GBR","Forest area (% of land area)","AG.LND.FRST.ZS",10.79237796,10.86760633,10.9428347,11.01806308,11.09329145,11.16851982,11.24374819,11.31897656,11.39420494,11.46943331,11.54466168,11.58764932,11.63063696,11.6736246,11.71661224,11.75959988,11.78936056,11.81912123,11.84888191,11.87864258,11.90840326,11.93816393,11.96792461,,
"United States","-95.712891,37.09024",-95.712891,37.09024,"USA","Forest area (% of land area)","AG.LND.FRST.ZS",32.35465599,32.39680051,32.43894503,32.48108956,32.52323408,32.5653786,32.60752312,32.64966765,32.69181217,32.73395669,32.76551203,32.80727184,32.84903164,32.89079145,32.93255126,32.97431106,33.0160927,33.05787433,33.15212377,33.19397163,33.2358195,33.27766736,33.31951523,,
"Upper middle income","-95.712891,37.09024",-95.712891,37.09024,"UMC","Forest area (% of land area)","AG.LND.FRST.ZS",29.93438131,32.07979316,29.81724579,29.75642272,29.69555807,29.63475199,29.57390715,29.51311316,29.47201524,29.41140371,29.35162298,29.32173487,29.26679083,29.23782217,29.20888778,29.18180168,29.16762512,29.15367938,29.1395161,29.12643216,29.11220332,29.09796159,29.1115216,,
"Uruguay","-55.765835,-32.522779",-55.765835,-32.522779,"URY","Forest area (% of land area)","AG.LND.FRST.ZS",5.256542109,5.53765284,5.81876357,6.0998743,6.38098503,6.66209576,6.943206491,7.224317221,7.505427951,7.786538681,8.067649411,8.191063878,8.314478345,8.437892812,8.561307279,8.684721746,8.940692492,9.196663238,9.452633985,9.708604731,9.964575477,10.22054622,10.47651697,,
"Uzbekistan","64.585262,41.377491",64.585262,41.377491,"UZB","Forest area (% of land area)","AG.LND.FRST.ZS",7.15796897,,7.23648331,7.27574048,7.314997649,7.354254819,7.393511989,7.432769158,7.472026328,7.511283498,7.550540668,7.589562764,7.628584861,7.667606958,7.706629055,7.745651152,7.73648331,7.727315468,7.718147626,7.708979784,7.699811942,7.6906441,7.681476258,,
"Vanuatu","166.959158,-15.376706",166.959158,-15.376706,"VUT","Forest area (% of land area)","AG.LND.FRST.ZS",36.09515997,36.09515997,36.09515997,36.09515997,36.09515997,36.09515997,36.09515997,36.09515997,36.09515997,36.09515997,36.09515997,36.09515997,36.09515997,36.09515997,36.09515997,36.09515997,36.09515997,36.09515997,36.09515997,36.09515997,36.09515997,36.09515997,36.09515997,,
"Venezuela, RB","-66.58973,6.42375",-66.58973,6.42375,"VEN","Forest area (% of land area)","AG.LND.FRST.ZS",58.98305085,58.65710561,58.33116037,58.00521512,57.67926988,57.35332464,57.0273794,56.70143416,56.37548892,56.04954368,55.72359844,55.39753982,55.07148121,54.7454226,54.41936398,54.09330537,53.76724675,53.44118814,53.11512953,52.78907091,52.4630123,52.13695369,51.81089507,,
"Vietnam","108.277199,14.058324",108.277199,14.058324,"VNM","Forest area (% of land area)","AG.LND.FRST.ZS",28.7658607,29.49153584,30.21721097,30.94288611,31.66856125,32.39423638,33.11991152,33.84558665,34.57126179,35.29693693,37.69369254,38.55925938,39.49702141,40.43022543,41.30228658,42.17434773,42.63875899,43.10317025,43.56758151,44.03199278,44.49640404,44.9608153,45.42522656,,
"West Bank and Gaza","-177.156097,-13.768752",-177.156097,-13.768752,"PSE","Forest area (% of land area)","AG.LND.FRST.ZS",1.508305648,1.508305648,1.508305648,1.508305648,1.508305648,1.508305648,1.508305648,1.508305648,1.508305648,1.508305648,1.508305648,1.511627907,1.514950166,1.516611296,1.519933555,1.523255814,1.523255814,1.523255814,1.523255814,1.523255814,1.523255814,1.523255814,1.523255814,,
"World","-12.885834,24.215527",-12.885834,24.215527,"WLD","Forest area (% of land area)","AG.LND.FRST.ZS",32.05627854,30.48817473,31.93953878,31.88039547,31.81899388,31.7554391,31.69125082,31.61003898,31.55210969,31.48619029,31.42307132,31.38730341,31.35551703,31.31827076,31.28176133,31.24291021,31.20137642,31.1584125,31.11896816,31.07635209,31.03362139,30.87630363,30.97173462,,
"Yemen, Rep.","48.516388,15.552727",48.516388,15.552727,"YEM","Forest area (% of land area)","AG.LND.FRST.ZS",1.039831809,1.039831809,1.039831809,1.039831809,1.039831809,1.039831809,1.039831809,1.039831809,1.039831809,1.039831809,1.039831809,1.039831809,1.039831809,1.039831809,1.039831809,1.039831809,1.039831809,1.039831809,1.039831809,1.039831809,1.039831809,1.039831809,1.039831809,,
"Zambia","27.849332,-13.133897",27.849332,-13.133897,"ZMB","Forest area (% of land area)","AG.LND.FRST.ZS",71.0259756,70.80186712,70.57775865,70.35365017,70.12954169,69.90543322,69.68132474,69.45721627,69.23310779,69.00899931,68.78489084,68.56078236,68.33667389,68.11256541,67.88845693,67.66434846,67.44023998,67.21613151,66.99202303,66.76791455,66.54380608,66.3196976,66.09558913,,
"Zimbabwe","29.154857,-19.015438",29.154857,-19.015438,"ZWE","Forest area (% of land area)","AG.LND.FRST.ZS",57.29352462,56.44823575,55.60294688,54.75765801,53.91236914,53.06708026,52.22179139,51.37650252,50.53121365,49.68592478,48.84063591,47.99534703,47.15005816,46.30476929,45.45948042,44.61419155,43.76890268,42.9236138,42.07832493,41.23303606,40.38774719,39.54245832,38.69716945,,
