"Longitude","Latitude",1990,1991,1992,1993,1994,1995,1996,1997,1998,1999,2000,2001,2002,2003,2004,2005,2006,2007,2008,2009,2010,2011,2012,2013,2014
67.709953,33.93911,0.228187363,0.197712615,0.103278005,0.090615852,0.080079985,0.072146977,0.065114798,0.058606527,0.054167558,0.041647373,0.03792461,0.030232274,0.016185612,0.025222764,0.030534565,0.040857766,0.052219589,0.075568812,0.145284418,0.235439186,0.290025232,,,,
20.168331,41.153332,2.278386827,1.215676857,0.73519813,0.726062789,0.601346953,0.654537133,0.636625313,0.49036506,0.560271437,0.960164412,0.978174681,1.051950468,1.229372684,1.415471218,1.38185531,1.421353924,1.302217499,1.379077691,1.417668106,1.345103479,1.499316163,,,,
1.659626,28.033886,3.006721912,3.028919415,2.98751988,2.929035648,3.00320905,3.230136294,3.235587368,2.906365551,3.474320431,2.945320314,2.772147555,2.621860338,2.789232068,2.803740228,2.674522946,3.154443155,3.012793702,3.200797999,3.20834736,3.424272074,3.331511849,,,,
1.601554,42.546245,,,,,,6.374494942,6.618103743,7.152051802,7.58701547,8.011048,8.018180706,7.711485294,7.422144363,7.077746784,7.142904123,7.088127747,6.673217143,6.631021503,6.740724531,6.573271971,6.636720705,,,,
17.873887,-11.202692,0.428662945,0.409979248,0.401602489,0.510122619,0.331307492,0.909710423,0.842542029,0.577081314,0.556293635,0.677726241,0.685212349,0.676539905,0.850821552,0.587820499,1.176297818,1.157880358,1.300402531,1.419985486,1.452228381,1.470740834,1.555965628,,,,
-61.796428,17.060816,4.85726747,4.700378132,4.624649242,4.748535487,4.683621337,4.721298044,4.593864332,4.670561524,4.49690052,4.581278521,4.439238615,4.364812845,4.536211421,4.804484327,4.980995619,4.974311149,5.096289552,5.257378817,5.370596023,5.778818076,5.88515814,,,,
-61.796428,17.060816,3.206697558,3.291743509,3.496178304,3.731949822,3.755048122,3.498037344,3.393499824,3.202293191,3.399303754,3.384373561,3.774681268,3.623860425,3.608985337,3.852520479,4.144934447,4.261587401,4.348215763,4.225367574,4.442937209,4.480770803,4.60440518,,,,
-63.616672,-38.416097,3.451770266,3.538038326,3.62304486,3.492412111,3.585840171,3.518125971,3.664289062,3.773465207,3.812693347,3.984389596,3.822902416,3.55835158,3.275956616,3.506066026,4.076616381,4.164577003,4.468897615,4.587088109,4.790214372,4.488322189,4.47096499,,,,
45.038189,40.069099,,,1.174674163,0.859706565,0.901718662,1.083089242,0.821584566,1.044825239,1.094342744,0.988511937,1.126529454,1.157636701,0.998886775,1.129317807,1.204698359,1.446163526,1.459272353,1.694981274,1.865836235,1.466476807,1.424235767,,,,
-69.968338,12.52111,29.62016477,29.84760844,25.25815197,24.43048084,22.99644068,22.18661455,21.77412104,21.67232319,19.11734039,18.91098153,24.57904642,24.0798114,23.74024949,23.24594135,22.87650645,22.72835421,22.54824953,23.29484583,22.5786233,22.63446331,22.84723958,,,,
133.775136,-25.274398,16.83737288,16.28848982,16.83089071,17.10062806,17.02367012,17.0116172,17.98153733,18.01715505,18.54058404,17.19979166,17.20903399,16.73412301,17.35253794,17.4149047,17.32749232,17.78319155,17.93486668,18.11227847,18.24232926,18.21404413,16.93373124,,,,
14.550072,47.516231,7.909182909,8.45951671,7.721517276,7.625172203,7.699384132,7.766497095,7.918657417,8.019680371,8.219593122,7.982467427,7.950479344,8.171339567,8.312273871,8.904462555,8.794195424,9.022843693,8.655010176,8.329484502,8.18869437,7.442910484,7.973648029,,,,
47.576927,40.143105,,,7.813859388,6.586411474,5.617069764,4.356500976,4.05953858,3.803022741,4.00297561,3.579835395,3.666271029,3.547105484,3.623944346,3.718169927,3.863229639,4.091801927,4.616299863,4.82748523,5.215078737,4.764470463,5.050748857,,,,
-77.39628,25.03428,7.610436221,6.825539444,6.738756919,6.276121798,6.115655137,6.010187467,5.881615776,4.755613659,5.7928092,5.710903688,5.603474622,5.179703305,5.102301004,4.809957418,5.345812655,4.858311455,4.534282616,4.524129584,3.000215307,4.634282297,6.835610738,,,,
50.637772,25.930414,23.96388907,22.57135653,20.25877712,28.26345362,27.77777373,28.4198517,26.94756054,28.99102946,29.80335267,28.11557575,27.89874282,19.93171511,21.43010016,21.33064744,21.34042449,21.8385486,20.50309532,21.69610201,21.77453545,20.28401672,19.33835286,,,,
90.356331,23.684994,0.144650458,0.144999395,0.157859354,0.151502361,0.161621139,0.190340811,0.196320875,0.200599318,0.188644999,0.194174893,0.210519056,0.240902076,0.246025688,0.243437439,0.28144773,0.262365597,0.332278182,0.330927964,0.313815174,0.350013411,0.371563901,,,,
-59.543198,13.193887,4.143007527,4.637044297,3.751830719,4.259489366,2.850423524,3.149134573,3.223931728,3.40915172,4.297535516,4.545526256,4.446678394,4.551357456,4.557831585,4.684549039,4.755426976,4.946203503,4.988516785,5.163162333,5.89078427,5.822387332,5.361952382,,,,
27.953389,53.709807,,,8.563751566,7.271325422,6.445128092,6.093680596,5.920977854,5.883075714,5.72028692,5.562438864,5.34418061,5.297721696,5.310737861,5.483469429,5.964810791,6.112425644,6.437868284,6.305628975,6.592748741,6.341938992,6.556549631,,,,
4.469936,50.503887,10.88248576,11.75259659,11.3859563,10.80121355,11.20117436,11.14518195,11.77800034,11.42249676,11.6813428,11.32793376,11.28725941,11.15688699,10.40678849,11.06729954,10.67853239,10.35679279,10.12844173,9.71371759,9.699598963,9.65073918,9.976543625,,,,
-88.49765,17.189877,1.66191243,1.877879269,1.825089536,1.90354299,1.848468974,1.824977532,1.450396704,1.779086798,1.64546856,2.593754852,2.889507347,2.901320565,1.427380981,1.447802559,1.438907335,1.456443071,1.458992419,1.486296105,1.386630284,1.376574667,1.366532186,,,,
2.315834,9.30769,0.142976655,0.159910854,0.168410364,0.202977024,0.218621053,0.221772443,0.204833203,0.191382863,0.185408737,0.231754927,0.23270425,0.242254991,0.276950897,0.302805582,0.317046533,0.293096052,0.459044295,0.516728587,0.500604962,0.514685714,0.545627257,,,,
-64.75737,32.321384,10.07519469,8.636129513,6.946616606,8.154422,7.974426837,7.794814716,7.928121206,7.879894871,7.581543409,8.077751489,8.006161758,7.920213106,8.335150687,8.0491591,10.52809853,6.916279577,8.070207523,7.968299223,5.955019687,7.095328783,7.320035624,,,,
90.433601,27.514162,0.239566729,0.349626569,0.409523683,0.360302164,0.415736882,0.489792872,0.593766217,0.759932917,0.721394619,0.701851443,0.708253743,0.669151368,0.698528711,0.612769982,0.485930591,0.608895524,0.589525037,0.577552567,0.6092603,0.55170877,0.664924073,,,,
-63.588653,-16.290154,0.810145678,0.830733263,0.933314138,1.102200063,1.193383427,1.234282016,1.118848032,1.233590536,1.266993971,1.239016881,1.20344554,1.13321239,1.081852805,1.566960714,1.42407612,1.317495499,1.566607459,1.31840552,1.400560784,1.441714967,1.521808822,,,,
17.679076,43.915886,,,0.998384772,0.759364211,0.882827528,0.973771342,1.735882889,4.130562574,5.166886809,4.821239796,6.056574441,5.33599675,5.880252844,5.964860686,6.333502799,6.602782907,7.011019941,7.2076202,8.027852215,7.938378791,8.093102083,,,,
24.684866,-22.328474,1.573942563,1.508488866,2.250150846,2.331304063,2.271602373,2.225507798,1.936442505,1.938210962,2.264586195,2.055736369,2.435788364,2.430479957,2.479160033,2.327139772,2.360654518,2.459256692,2.450541261,2.454639677,2.575237664,2.252753604,2.657137083,,,,
-51.92528,-14.235004,1.395852347,1.441508396,1.427610644,1.469568683,1.518845849,1.595813094,1.732335845,1.800488226,1.842713927,1.861402685,1.879510648,1.906747447,1.852165065,1.769553491,1.835908496,1.865823683,1.847979036,1.911676126,2.021610272,1.89749147,2.150268044,,,,
114.727669,4.535277,24.99101697,22.00211098,21.35998676,19.98379414,18.82181508,18.69529462,18.49797859,18.75482407,18.86595169,14.17073599,19.67221316,18.27476896,15.36001582,15.14916485,14.85919783,13.93762081,12.8693451,26.67765573,27.27448024,23.05821501,22.86788543,,,,
25.48583,42.733883,8.690224309,6.73939778,6.376764779,8.035332854,6.436235483,6.900326395,6.763241038,6.209849583,5.934325293,5.356718076,5.328034342,5.792010306,5.672606662,6.046861677,6.012888437,6.18991912,6.357101164,6.999306592,6.778939404,5.749911847,6.041258862,,,,
-1.561593,12.238333,0.066589241,0.069287377,0.067840823,0.06564342,0.065745056,0.062147146,0.06823107,0.075643822,0.078570194,0.082558304,0.089716835,0.083493832,0.081711564,0.085163968,0.084681997,0.083875351,0.098425098,0.115663809,0.115815962,0.110289608,0.108309024,,,,
29.918886,-3.373056,0.054293239,0.059949835,0.054231924,0.056192644,0.055792858,0.053736093,0.052431638,0.049510697,0.046636057,0.044820132,0.045052609,0.031633441,0.031262935,0.022715759,0.026364537,0.019820622,0.023253362,0.022895876,0.028913254,0.020128744,0.03336253,,,,
29.918886,-3.373056,0.250051142,0.254906268,0.278350543,0.270841467,0.282436124,0.284564568,0.340874288,0.342495246,0.36159293,0.396963848,0.422707978,0.463650036,0.535106939,0.54187592,0.557510183,0.612889141,0.639141802,0.644380035,0.635566624,0.641725377,0.729487839,,,,
104.990963,12.565679,0.049798401,0.049267742,0.049035284,0.047304842,0.051681222,0.14403496,0.145812255,0.135147918,0.166948102,0.158508777,0.161706116,0.18051894,0.173693889,0.183996838,0.186007849,0.207833998,0.221290598,0.253406345,0.285142059,0.286479818,0.291012884,,,,
12.354722,7.369722,0.144002179,0.089386219,0.296584756,0.29599422,0.281786495,0.313270864,0.321443137,0.218632529,0.212380482,0.198552849,0.215493084,0.209248864,0.203648852,0.220361375,0.223858668,0.203792602,0.205693153,0.305492511,0.282954664,0.33197166,0.350798617,,,,
-106.346771,56.130366,16.195048,15.93988907,16.39745621,16.57521986,15.6118822,15.6636391,15.76857333,16.11466202,17.09934736,16.89930178,17.37045161,16.91306255,16.55388237,17.46386176,17.26361022,17.42608062,16.89360819,17.05189953,16.39230563,15.28276013,14.67823409,,,,
-24.013197,16.002082,5.365895362,6.093514192,5.988262969,5.342593764,5.829751981,6.194139622,6.341469817,5.943175694,5.867933593,6.438795565,6.739446277,6.852094979,6.987874446,7.140751731,7.644526792,7.201951368,7.876454109,10.23024019,9.315188442,9.682068728,9.893750411,,,,
-80.566956,19.513469,10.11727778,10.49273206,11.37489964,11.64655172,12.2009649,11.57805001,11.59093484,11.43490842,11.27052091,10.59294147,10.9081924,10.49721818,10.4907246,10.43571863,10.54381699,10.55837772,10.33556551,11.8975171,11.92024493,10.81013358,10.63587887,,,,
20.939444,6.611111,0.06798145,0.068919596,0.070917064,0.071576542,0.073325495,0.071645254,0.070049867,0.071739607,0.071282453,0.073966185,0.073575522,0.066329918,0.065217103,0.061282064,0.054624582,0.053696423,0.056385974,0.057144847,0.056076955,0.055010411,0.060696275,,,,
20.939444,6.611111,8.746934195,8.20638305,7.869412173,7.725814749,7.326129351,7.580335653,7.764308278,7.538584985,7.139936829,6.744233827,6.659595791,6.835672052,6.733719983,6.976429093,6.969441319,6.982591367,7.244931458,7.282418752,7.148834835,6.515154296,6.828448162,,,,
18.732207,15.454166,0.024645581,0.011342669,0.013883722,0.015133393,0.015198785,0.014709289,0.014736456,0.01523137,0.014716772,0.015120896,0.021203807,0.019991957,0.018826192,0.040957837,0.039079158,0.039912774,0.039301342,0.043204244,0.046208883,0.039019815,0.040046478,,,,
-71.542969,-35.675147,2.583897221,2.391531929,2.430579029,2.541452739,2.737718067,2.940181659,3.309030704,3.776854236,3.829176411,3.988277975,3.797882442,3.373371321,3.499517811,3.443330684,3.71389349,3.778383301,3.901505829,4.268698123,4.231677403,3.958834795,4.213121459,,,,
104.195397,35.86166,2.167703077,2.245901276,2.31420729,2.442800659,2.565993892,2.755754966,2.844309582,2.820567891,2.67674598,2.648649247,2.696862433,2.742120813,2.885225041,3.512245428,4.080138906,4.441150695,4.892727098,5.153564017,5.311151855,5.778143184,6.194857575,,,,
-74.297333,4.570868,1.721479376,1.682138525,1.792909166,1.815692713,1.881414241,1.629971842,1.625504899,1.712592119,1.710655678,1.440382611,1.451800973,1.38746691,1.350470265,1.371357543,1.294946722,1.411298243,1.435639169,1.425649332,1.471411679,1.546859072,1.629451505,,,,
43.872219,-11.875001,0.186552484,0.182062988,0.177727875,0.173509531,0.169370855,0.173159188,0.138218567,0.134808742,0.146058376,0.156640027,0.159642408,0.162383574,0.16487479,0.173550503,0.175397898,0.183126281,0.196278827,0.191250379,0.192021759,0.187176943,0.203996305,,,,
15.827659,-0.228021,0.11659413,0.103577784,0.095924494,0.086870735,0.06088876,0.070612349,0.07534244,0.066387759,0.056357739,0.048984857,0.035069425,0.03250789,0.031177338,0.033308684,0.036888471,0.041198432,0.043470347,0.045526555,0.047942352,0.044983989,0.048880628,,,,
15.827659,-0.228021,0.498517381,0.517002313,0.626296322,0.598740548,0.811559862,0.575531136,0.613444801,0.814086834,0.262516137,0.269805587,0.335474588,0.26882185,0.215527273,0.32271695,0.342365669,0.410909865,0.367036568,0.382420405,0.380276927,0.471782007,0.493188609,,,,
-83.753428,9.748917,0.960062705,1.057348607,1.172598813,1.193435874,1.552781064,1.399032027,1.33145246,1.363338637,1.417685508,1.43750244,1.393232827,1.435374168,1.545144656,1.588597136,1.63214357,1.640763357,1.693042197,1.920907881,1.907641145,1.699048816,1.664003675,,,,
-83.753428,9.748917,0.478509395,0.449811964,0.357044922,0.440576379,0.380549063,0.501659934,0.572640179,0.543389312,0.447789877,0.396583005,0.42099958,0.470541267,0.4369616,0.322899306,0.44703014,0.449889657,0.396131288,0.383471815,0.376338524,0.314826694,0.305895928,,,,
15.2,45.1,,,3.752317226,3.540551724,3.629147097,3.772242664,4.120683133,4.220418635,4.536293268,4.499603865,4.438345911,4.665514189,4.927324775,5.302283784,5.191956522,5.201658487,5.219693694,5.498020063,5.269158157,4.866616935,4.727161668,,,,
-77.781167,21.521757,3.14506783,2.773373486,2.913041413,2.711903405,2.959872313,2.347051636,2.455184241,2.231949768,2.209364188,2.276849872,2.337798032,2.277547019,2.327008038,2.266211782,2.218084612,2.303062731,2.425176133,2.365675828,2.694978513,2.648700405,3.400544489,,,,
33.429859,35.126413,6.070122918,6.054400374,6.590579022,6.69972912,6.732450912,6.490424824,6.601260126,6.607518751,7.038876041,6.997282524,7.261794131,7.120566085,7.166516818,7.762794272,7.219783032,7.265914897,7.429747194,7.709325131,7.942807883,7.464781629,6.983907546,,,,
15.472962,49.817492,,,13.47346136,12.76013216,12.17816292,12.10893487,12.3924996,12.54002681,11.9331697,10.93767885,12.15484137,12.17690632,11.78721674,12.0049848,12.03369673,11.82385869,11.98993701,12.03518177,11.26802536,10.352562,10.66903291,,,,
9.501785,56.26392,9.676543915,11.87615287,10.5038454,11.01592348,11.72680987,10.53635562,13.03463261,10.79563863,10.57053451,9.570253029,8.850879164,9.150421654,9.164207093,10.33929467,9.362022513,8.69075357,10.11628626,9.201343675,8.548023608,8.057567722,8.346404977,,,,
42.590275,11.825138,0.677549989,0.652481517,0.658386998,0.668389157,0.657235908,0.646144045,0.645626292,0.639688791,0.586785385,0.623488728,0.557998691,0.524762447,0.536922011,0.539061165,0.598575824,0.609132291,0.619280954,0.610638671,0.647304037,0.646961484,0.646313828,,,,
-61.370976,15.414999,0.827205053,0.828127426,0.826622334,0.875486272,0.976195147,1.130410414,1.030837995,1.140171858,1.09548332,1.154101456,1.473557313,1.631883434,1.470876429,1.622612692,1.564308567,1.611479686,1.556231433,2.123695176,1.81065982,1.807777903,1.906487557,,,,
-70.162651,18.735693,1.3210079,1.371084233,1.4861706,1.552997868,1.618105451,2.018743123,2.161291336,2.209128182,2.226188777,2.21278674,2.322080619,2.299559124,2.406154784,2.412915411,2.040322289,2.103252876,2.182961682,2.228800267,2.155776782,2.056047061,2.092908442,,,,
-70.162651,18.735693,2.725561385,2.803132526,2.894085675,3.011396424,3.1360945,3.286070106,3.395377595,3.404469306,3.110475012,3.126670763,3.21200304,3.248549002,3.360755227,3.771447024,4.160388019,4.36745321,4.634998927,4.832088233,4.924758913,5.165958366,5.464787551,,,,
-70.162651,18.735693,1.930139447,2.015715743,2.084884957,2.200435775,2.293594698,2.454788426,2.540316843,2.530017247,2.267756798,2.264733231,2.324897522,2.382724182,2.49062567,2.949196615,3.367732225,3.621453498,3.922128331,4.1240525,4.254715532,4.590335336,4.874165983,,,,
-78.183406,-1.831239,1.662966597,1.591296282,2.104391438,2.232078452,1.23133309,2.015978278,2.067162141,1.548934686,1.845915625,1.731283117,1.670956006,1.834522989,1.894845227,1.997273981,2.118221025,2.170847617,2.117019692,2.155728916,2.044437372,2.065051126,2.175597851,,,,
30.802498,26.820553,1.348032205,1.371652362,1.39221168,1.570729357,1.416405692,1.564915425,1.642381014,1.714934077,1.907531786,1.926226528,2.13688338,1.86672496,1.862198178,2.131040925,2.137823551,2.329524591,2.447103136,2.591713826,2.606860228,2.577287668,2.622791315,,,,
-88.89653,13.794185,0.489919027,0.59547512,0.62213013,0.695097941,0.780193115,0.918661805,0.843061093,0.983882945,0.98595034,0.961157291,0.963705408,0.99374718,1.005199634,1.086835498,1.052165208,1.062804383,1.12295143,1.126519855,1.064017123,1.047293403,1.004884536,,,,
10.267895,1.650801,0.323687779,0.521934796,0.541390053,0.248377428,0.085777176,0.298785277,0.257113997,0.622464395,0.34669566,0.941999606,0.877511439,5.7893646,9.031184315,10.58398704,8.904935809,7.806030998,7.646503635,7.49890716,6.843320543,6.826347305,6.721220627,,,,
39.782334,15.179384,,,,,0.054472267,0.087160618,0.100295129,0.148313384,0.16094075,0.163283346,0.15452354,0.153774775,0.141315955,0.16233888,0.165055486,0.157888871,0.111429392,0.111209813,0.076989679,0.092369603,0.089420969,,,,
25.013607,58.595272,,,15.01156291,11.88114204,12.09032802,11.23097463,12.67757422,12.53744637,11.90979515,11.07308528,10.86724625,11.23520097,10.82806467,12.43984913,12.63554732,12.38596224,12.02085298,14.05608572,13.08183443,11.04896311,13.77319664,,,,
40.489673,9.145,0.062817817,0.060006132,0.057575257,0.05676655,0.053942147,0.037748091,0.063407832,0.070574784,0.080627733,0.079102494,0.088308985,0.063403821,0.064062617,0.068715182,0.070799012,0.066342512,0.06922699,0.073530817,0.07709377,0.078493947,0.07456497,,,,
40.489673,9.145,8.368374185,8.627850968,8.35756194,8.150023749,8.104349622,8.252475368,8.448241622,8.30716011,8.440222257,8.21928827,8.263020169,8.42372108,8.368009674,8.498316255,8.50668173,8.411432268,8.308324524,8.175244172,7.958818373,7.38174341,7.444627939,,,,
40.489673,9.145,,,9.078322657,8.553223799,8.014758793,7.96488365,8.005685372,7.700091658,7.663932921,7.519665523,7.578907812,7.670664306,7.63616117,7.84067702,7.855681519,7.831724865,7.989932745,7.971592763,7.933163446,7.278518198,7.641154733,,,,
40.489673,9.145,,,6.837038324,6.174855615,5.44670424,5.321204706,5.140169932,4.752010167,4.693543106,4.571673157,4.64690891,4.67459965,4.725646597,4.955261778,5.016782468,5.035484031,5.292134344,5.514136772,5.537528557,4.977154791,5.312749935,,,,
40.489673,9.145,8.607577753,8.703235559,8.43810542,8.246932698,8.13060405,8.259801296,8.496221434,8.264243592,8.259524628,7.996533501,8.021007717,8.174155097,8.089453471,8.243095386,8.230901684,8.154486906,8.147203428,8.01937382,7.822184474,7.208959294,7.351427046,,,,
40.489673,9.145,12.97890945,12.50745326,14.09173465,15.55042626,13.97453429,16.38130116,14.48222797,14.20133745,14.65172031,14.57574037,15.30184337,16.80432799,15.97319428,16.09265546,16.31214382,15.59092296,15.50983527,15.61401703,14.49027237,13.45552419,14.3481979,,,,
179.414413,-16.578193,1.122747786,0.917736317,0.970522879,1.0103494,1.068015474,1.120543537,1.14031915,0.929351732,0.87940286,0.995310197,1.066241851,1.368317172,1.024305441,1.054478332,1.383528593,1.658541686,1.642944956,1.439774381,1.277592845,0.993663187,1.499936669,,,,
25.748151,61.92411,10.37716896,10.71998528,9.491886738,9.980945227,11.30007804,10.34239896,11.95863616,11.67199336,11.05828449,10.7295164,10.07321632,10.87587548,11.74433248,13.21467044,12.83267498,10.41643805,12.56994213,12.0977885,10.65096203,9.958628519,11.53084023,,,,
25.748151,61.92411,0.736486871,0.742909064,0.771473717,0.757662587,0.805728502,0.790849459,0.764296445,0.767072955,0.791702357,0.788828611,0.791937939,0.804214834,0.768509785,0.814516516,0.884932517,0.878376088,0.83728041,0.743066098,0.849173009,0.87721282,0.859296751,,,,
2.213749,46.227638,6.831599446,7.303431121,6.746684917,6.583282115,6.227604644,6.60538664,6.83033141,6.328599582,6.797258072,6.137805343,6.001530445,6.288363017,6.162136804,6.227112679,6.221524691,6.206003013,6.013737108,5.872005393,5.787745414,5.516347214,5.556065562,,,,
-149.406843,-17.679742,3.179533196,3.158390258,3.144127949,2.956846445,2.54768319,2.658234201,2.642195894,2.671569811,2.601164725,2.502846031,2.65828792,3.05487077,3.008043847,3.216459587,3.130939474,3.337769338,3.300898999,3.239386851,3.306029055,3.288268805,3.296763845,,,,
11.609444,-0.803689,5.116818052,1.51952878,2.133037585,3.200171809,3.183631404,3.570352724,3.188413797,3.117594152,1.398868434,1.201974381,0.858756274,1.41971116,1.383700376,1.014415346,1.312048993,1.512559579,1.398898158,1.611324676,1.05595063,0.053104522,1.654156027,,,,
-15.310139,13.443182,0.207986161,0.208554376,0.202128072,0.207310348,0.201642903,0.203006157,0.197414981,0.191974878,0.202444467,0.215137666,0.223804444,0.222910718,0.241348408,0.233853003,0.231832831,0.224632783,0.227591269,0.258947591,0.260271334,0.267987732,0.281465989,,,,
43.356892,42.315407,,,3.146690058,2.026478386,1.25134791,0.486454584,0.880982431,0.979139818,1.105665099,0.975944975,1.026657085,0.859400875,0.777669956,0.87166324,1.001179399,1.161964965,1.398262619,1.410513171,1.422867603,1.373389558,1.401642562,,,,
10.451526,51.165691,,11.62264617,11.06332025,10.81424893,10.62839192,10.57946663,10.8602336,10.5111126,10.42527316,10.01775877,10.09563988,10.3662867,10.04711428,10.09771302,10.00889289,9.78184775,9.819062562,9.530207568,9.540351755,8.940512042,9.114841508,,,,
-1.023194,7.946527,0.268720111,0.268875008,0.264744037,0.29322602,0.310384645,0.323798339,0.335321764,0.364018681,0.356316021,0.356242081,0.334071375,0.358652797,0.375849622,0.375881442,0.352699146,0.325303402,0.42320961,0.425213043,0.369077919,0.314205501,0.370887966,,,,
21.824312,39.074208,7.160051756,6.59261778,7.281051655,7.22816307,7.425711182,7.446147379,7.507144389,7.847816045,8.104379744,7.961029646,8.391708638,8.565334954,8.52805993,8.688983551,8.787284041,8.895346335,8.742449079,8.80106122,8.74361278,8.483171443,7.774920307,,,,
-42.604303,71.706936,10.02489209,9.910810811,8.753056058,9.101068841,9.117945946,9.068924731,9.249499106,9.363946429,9.47798574,9.674081996,9.461120996,9.566086957,9.522319772,9.366951467,10.24499657,10.69152542,11.04479163,10.89304217,11.3275458,9.896205813,11.14824708,,,,
-61.604171,12.262776,1.142533702,1.178549583,1.244956328,1.268316006,1.475609388,1.572830738,1.600738125,1.740578492,1.737537265,1.915901854,1.876441645,1.908226885,2.011302755,2.113462083,2.000409137,2.101514313,2.23727484,2.301034889,2.505070623,2.426008668,2.487241705,,,,
-90.230759,15.783471,0.572096826,0.55537322,0.646150749,0.593564261,0.700971301,0.71769008,0.651217181,0.727108963,0.818731205,0.816049716,0.884988044,0.925775835,0.943106331,0.870631821,0.939594997,0.982191936,0.963917776,0.948832217,0.838275399,0.846695272,0.775252594,,,,
-9.696645,9.945587,0.175427936,0.169154848,0.159547429,0.154673485,0.163486337,0.159553324,0.157194335,0.15425618,0.146988355,0.147943514,0.146325665,0.145932151,0.146343564,0.145810222,0.14308915,0.123301294,0.120499894,0.120445305,0.117674735,0.115964905,0.113624058,,,,
-15.180413,11.803749,0.248699362,0.246647263,0.244537617,0.255860306,0.250116446,0.247755704,0.245417923,0.22155761,0.141462618,0.156038795,0.115195647,0.11549624,0.115726127,0.142846433,0.1450146,0.149619244,0.148935848,0.155639184,0.149878702,0.15132326,0.150227779,,,,
-58.93018,4.860416,1.572923261,1.551452523,1.455625664,1.458667926,1.838958777,2.034603426,2.092231808,2.183038421,2.242384675,2.271320539,2.162358238,2.133525133,2.105536823,2.077738943,2.150963288,1.884507002,1.686490272,2.03244389,2.009019786,1.990651107,2.164396038,,,,
-72.285215,18.971187,0.139766637,0.137480114,0.122896346,0.087969328,0.039096861,0.120233481,0.136820512,0.174868602,0.148703608,0.157840329,0.159449019,0.179980682,0.206122036,0.192802006,0.217692068,0.224117171,0.224973111,0.251309215,0.251866546,0.231695192,0.214171416,,,,
73.504158,-53.08181,0.176881996,0.169134326,0.168357059,0.167769708,0.1702581,0.177538932,0.180797255,0.183016307,0.169804212,0.167538268,0.167662569,0.168035703,0.169319337,0.182642776,0.190444893,0.185924424,0.192835005,0.200667003,0.200961964,0.203769989,0.214337736,,,,
73.504158,-53.08181,11.85315853,11.9830122,12.07640907,11.96077941,11.81766929,11.755989,11.95028221,11.91170023,11.83655205,11.83578251,12.1338924,12.00632434,12.00533789,12.16044285,12.30149332,12.25508593,12.21794418,12.2299104,11.99253597,11.22204602,11.5859671,,,,
73.504158,-53.08181,,,13.42881745,12.8533371,11.80615199,11.10584548,10.94254606,10.56319553,10.48280874,10.62313146,11.22905361,11.15058122,11.22748614,11.61703757,11.98377721,12.08990664,12.56396234,12.51512162,12.73807059,12.03795232,12.97322362,,,,
73.504158,-53.08181,11.73908661,11.8274463,11.84091259,11.83097693,11.89505,11.98093037,12.25840905,12.29689926,12.22153296,12.18706214,12.41545135,12.27505824,12.25570381,12.35800916,12.44860687,12.3674267,12.2150763,12.24085166,11.89817639,11.10680837,11.34270305,,,,
-86.241905,15.199999,0.528697141,0.535309249,0.593839391,0.535591007,0.611481479,0.693800268,0.691930431,0.710503614,0.777531407,0.776343885,0.806843843,0.897588389,0.93766527,1.021289584,1.089402383,1.09497197,0.995766777,1.222940206,1.184378469,1.052995886,1.063839388,,,,
19.503304,47.162494,6.068549144,6.11520167,5.66140153,5.804167464,5.614646215,5.814534757,6.080585668,6.006255195,5.91987957,5.896196348,5.605559256,5.597195054,5.52182927,5.83162049,5.67438919,5.741669951,5.68289478,5.554955558,5.444870628,4.856575656,5.058248166,,,,
-19.020835,64.963051,7.813884768,6.856146503,7.009323634,7.550217082,7.553975062,7.280037238,8.222645733,7.763336874,7.667265104,7.456127132,7.693782116,7.373427894,7.550227286,7.485457013,7.64601779,7.427079472,7.496188056,7.414833454,6.677481144,6.447492771,6.168528586,,,,
78.96288,20.593684,0.794779797,0.832462131,0.86709217,0.884041935,0.921657278,0.962588869,1.029878845,1.053994868,1.063671976,1.11646205,1.138546236,1.136236043,1.139393204,1.171995833,1.214202126,1.251950214,1.315821535,1.390226108,1.54196566,1.665573859,1.666209247,,,,
113.921327,-0.789275,0.837279388,0.9886919,1.095498237,1.162651369,1.158713034,1.158817949,1.285100997,1.392943657,1.035567369,1.175007141,1.260747518,1.391267433,1.426430721,1.452204882,1.525733494,1.523478178,1.515611858,1.625926477,1.760506364,1.907918005,1.803206699,,,,
53.688046,32.427908,3.746058576,3.967756463,3.928722582,4.031171317,4.455424975,4.523504527,4.503946826,4.316729811,4.853465528,5.900726816,5.654634051,5.965312004,5.938201868,6.110884599,6.453225028,6.690126582,7.183904709,7.516997699,7.852563085,7.852320251,7.676526948,,,,
43.679291,33.223191,3.000164464,2.633092697,3.325144213,3.493093711,3.803272373,3.825625893,3.30686082,3.148803585,3.232739239,3.130337656,3.043770311,3.480957743,3.457445474,3.509986987,4.27704962,4.192189698,3.547036952,2.186244526,3.209110899,3.535799635,3.703432682,,,,
-8.24389,53.41291,8.937987304,8.851470545,8.802621943,8.73719983,9.107276766,9.109477253,9.79073707,9.937566597,10.29372564,10.70180458,10.86558065,11.41953054,11.12984941,10.84358271,10.79938564,10.4652702,10.16757699,10.13502474,9.582542013,8.956927707,8.771551844,,,,
34.851612,31.046051,7.196290773,6.933882805,8.100612727,8.58165824,8.727718096,9.780871055,9.557263703,10.86402159,10.51399096,10.14786122,9.968362538,10.21110576,9.611223744,9.734704546,9.281942282,8.693257384,9.353483137,9.251129929,9.705849798,8.954404857,9.268030327,,,,
12.56738,41.87194,7.361704582,7.466764752,7.404168932,7.248012993,7.16667249,7.569936815,7.601732112,7.675511297,7.825185219,7.73328341,7.928064465,7.904432663,7.932708643,8.17175128,8.195636561,8.16602687,8.072145596,7.917347216,7.60176497,6.795651486,6.854334881,,,,
-77.297508,18.109581,3.332520502,3.397173865,3.341555498,3.447637139,3.508988204,3.912452419,4.063043767,4.19508427,3.805001212,3.796215188,3.985086057,4.078579006,3.93866406,4.085163419,4.067723683,4.026818344,4.530808785,5.062906364,4.471325265,3.204231319,2.66014574,,,,
138.252924,36.204824,8.862399022,8.880862582,9.044365382,8.901550042,9.395145045,9.438419909,9.586521982,9.529878389,9.169095483,9.459470217,9.612904509,9.455570134,9.547263031,9.688760785,9.85946288,9.690473613,9.637915973,9.792040792,9.450883801,8.628627075,9.185650865,,,,
36.238414,30.585164,3.281791483,2.763955994,3.285859898,3.098079877,3.35727801,3.231680334,3.28037526,3.233604844,3.163654992,3.112367229,3.232800292,3.254583689,3.351833069,3.382956623,3.637192628,3.885895029,3.745162211,3.804974033,3.588412375,3.593226036,3.443801852,,,,
66.923684,48.019573,,,15.89544637,13.5394831,12.39428397,10.54217873,9.031502525,8.450716634,8.298092069,7.803452018,8.584553321,9.954577347,10.22587952,10.31697607,11.46729421,11.68198846,12.57715649,14.22827617,14.70192338,13.30334752,15.23926775,,,,
37.906193,-0.023559,0.248361638,0.199712374,0.221306469,0.245657517,0.246167822,0.275512393,0.330971896,0.285569334,0.337906399,0.333750861,0.33300081,0.291635518,0.24146256,0.199221702,0.218854004,0.239269895,0.260478474,0.26041396,0.264149223,0.310120238,0.303781663,,,,
-168.734039,-3.370417,0.309712838,0.304134471,0.299615982,0.295745682,0.292012847,0.288067244,0.473094141,0.372638933,0.4124447,0.36049498,0.398644731,0.304636783,0.470133685,0.461674926,0.494782765,0.689072379,0.757702304,0.549651503,0.58002573,0.418989945,0.637784803,,,,
-168.734039,-3.370417,12.1239087,12.24489826,12.2570679,12.38477815,12.08842826,11.91657839,11.65864039,10.55212276,2.892756616,3.140030406,3.358065518,3.448914744,3.273760833,3.316835386,3.362291392,3.486011219,3.527644797,2.918453969,3.220663768,3.064426502,2.923360157,,,,
-168.734039,-3.370417,5.760374252,6.039462229,6.498142885,7.284858219,7.706677234,8.311071381,8.868120679,9.357423034,7.881833199,8.577316933,9.52093176,9.506313358,9.777628886,9.741365604,10.03918357,9.616470824,9.733040924,10.20290182,10.37927197,10.35694446,11.4868054,,,,
47.481766,29.31166,23.45535238,5.096185784,,,,34.5633031,31.63775356,33.57010548,30.04575347,29.70858747,28.94770676,27.83107779,25.75560874,29.13357932,28.9257571,31.15725332,30.51529156,29.44743436,29.59007979,28.72509194,31.31974308,,,,
47.481766,29.31166,,,2.40546884,1.838898975,1.340069987,0.97295632,1.207438424,1.167312197,1.221051793,0.94243203,0.924535563,0.764529939,0.971361532,1.056481074,1.116327698,1.013599543,0.985896252,1.114354833,1.06796454,1.203646276,1.174565429,,,,
74.766098,41.20438,0.055292,0.057900795,0.061961476,0.060246514,0.063288784,0.077533238,0.101481332,0.125189828,0.138193827,0.180645645,0.180346014,0.164909347,0.212273218,0.201000557,0.249652227,0.247605708,0.268062375,0.277466799,0.283725194,0.289008814,0.292983284,,,,
102.495496,19.85627,2.297870965,2.301766526,2.299885589,2.330134993,2.391340456,2.363603599,2.426030949,2.511881004,2.619024401,2.638722583,2.574162723,2.595027343,2.576961125,2.584555431,2.611793643,2.701165184,2.713527857,2.81248213,2.887028963,2.769827464,2.912751514,,,,
102.495496,19.85627,2.215013249,2.214708632,2.211999232,2.251007059,2.303237687,2.265352154,2.314927127,2.394623795,2.503088924,2.50949355,2.448180013,2.482592409,2.45770511,2.466160655,2.477621468,2.571927003,2.573154719,2.638285738,2.719909373,2.598799424,2.734556101,,,,
24.603189,56.879635,,,5.178582111,4.723786228,4.489297992,3.879406742,3.863657008,3.438117254,3.348964054,2.856308477,2.636157209,2.932445222,2.879411196,3.098098957,3.151538008,3.205432466,3.418456092,3.603128629,3.486250541,3.186434038,3.631065216,,,,
24.603189,56.879635,0.146692701,0.144896388,0.150968214,0.13823213,0.140866683,0.162227821,0.170480275,0.167996537,0.153952661,0.163357144,0.168565132,0.17727086,0.185209556,0.187308377,0.216019519,0.211509595,0.230834858,0.238498367,0.2343613,0.24829139,0.25549068,,,,
35.862285,33.854721,3.36580209,3.450544292,4.024532331,4.018596197,4.283810819,4.489751125,4.493322336,5.0593326,5.195482101,5.25880744,4.745572081,4.827299261,4.562361973,4.937880714,4.368713836,4.07458241,3.553908589,3.616675681,3.978777799,4.925110033,4.700012808,,,,
28.233608,-29.609988,,,,,,,,,,,,,,,,,,0.003749903,0.009296729,0.012899818,0.00912679,,,,
-9.429499,6.428055,0.230181794,0.138440316,0.142799329,0.160837422,0.158001791,0.160437344,0.156837675,0.150382828,0.151950385,0.14845856,0.150891365,0.167528353,0.163605503,0.170191171,0.196900249,0.226538985,0.22425875,0.192600334,0.15675574,0.138180372,0.201972718,,,,
17.228331,26.3351,8.63418823,9.832186149,8.355819434,8.544762519,9.481685721,9.693458974,9.128547135,9.133343974,9.07811704,8.761160501,9.101996161,9.146794717,8.956716074,9.067057721,9.144527147,9.314243581,9.458857376,9.375345635,10.276302,11.3465455,9.77302184,,,,
23.881275,55.169438,,,5.985945298,4.750772617,4.746758126,4.46514675,4.367884612,4.290482015,4.563434349,3.885259168,3.4862076,3.722131498,3.837334853,3.781659885,3.947068099,4.211634033,4.371365075,4.68461737,4.726167059,3.976650028,4.378214835,,,,
23.881275,55.169438,1.807122269,1.845329506,1.877822654,1.891655961,1.900736959,1.95295506,1.990413709,1.967768521,1.885203487,1.894827117,1.91834581,1.939333328,1.970933551,2.164915712,2.34646089,2.452616588,2.589301261,2.69185763,2.784074807,2.88694811,2.997417578,,,,
23.881275,55.169438,0.644504391,0.639714668,0.637145483,0.63059385,0.61055616,0.606097542,0.59759926,0.545596199,0.255322054,0.268640267,0.274723305,0.273472448,0.261016678,0.260220351,0.272888248,0.272988514,0.290421043,0.272585868,0.272865661,0.280141264,0.280581426,,,,
23.881275,55.169438,1.11288056,1.171621026,1.245069339,1.196414906,1.142845287,1.147818801,1.186949259,1.176220461,1.147963978,1.186849215,1.226664024,1.232393591,1.242133022,1.289319101,1.32406533,1.344074404,1.373843921,1.434035431,1.522797868,1.556923226,1.56530962,,,,
6.129583,49.815273,26.19765877,27.42195866,26.93855294,27.14211963,25.29153813,20.35302784,20.37000905,18.92729765,17.32046621,17.85476973,18.88551226,19.93273314,21.1057455,21.93071098,24.5990264,24.81676334,24.02837484,22.64405523,22.08529827,20.58982529,21.36026614,,,,
21.745275,41.608635,,,5.407365986,5.225338669,5.317459269,5.510717011,5.944558722,5.339342979,6.271608158,5.762336648,5.878982267,5.810099085,5.271296701,5.434769947,5.365840608,5.3968682,5.22430785,5.427164198,5.645250621,5.430955489,5.171997074,,,,
46.869107,-18.766947,0.085435789,0.09030147,0.085217189,0.084686453,0.100956889,0.09758658,0.101694951,0.118742384,0.117520568,0.126134972,0.119012988,0.107283198,0.073839439,0.098664011,0.101772992,0.095231683,0.08940517,0.09370517,0.097532542,0.088921064,0.09550416,,,,
34.301525,-13.254308,0.064822804,0.068346753,0.067257282,0.070716132,0.07295485,0.073236475,0.070065589,0.072957526,0.07745122,0.090570284,0.08000259,0.077926186,0.074097715,0.078201439,0.077604816,0.070929827,0.071645124,0.069522884,0.081700954,0.072719304,0.082554367,,,,
101.975766,4.210484,3.107600327,3.666027293,3.920736208,4.655639926,4.652496226,5.844623648,5.897259014,5.724202398,5.107869463,4.714109527,5.405598437,5.714211956,5.534942437,6.438811732,6.596962621,6.863351456,6.481820062,7.656798012,7.809635347,7.33642159,7.667467327,,,,
73.22068,3.202778,0.71349353,0.77647626,1.110417224,0.926125054,0.919466257,1.122711408,1.272761002,1.4304829,1.27378394,1.741254636,1.828491815,2.07223612,2.438242503,2.078350035,2.657746021,2.353674355,2.930451581,2.974153173,3.213151162,3.338224989,3.298897124,,,,
-3.996166,17.570692,0.052950968,0.053671293,0.053312592,0.053273579,0.052747881,0.052217563,0.052884699,0.055418179,0.053235952,0.054027499,0.052893322,0.051727256,0.050880658,0.048044709,0.048796433,0.047598419,0.046114391,0.045529066,0.045215442,0.045163775,0.044572554,,,,
14.375416,35.937496,6.150148234,5.801971895,5.653875325,7.319842941,6.627570725,5.741551104,6.031525114,6.723491349,5.682394918,6.186419232,5.413532514,6.325824114,5.806537886,6.476880542,6.415248662,6.683221324,6.351303206,6.698844917,6.252313871,6.054221205,6.24572264,,,,
171.184478,7.131474,1.007843552,1.058930303,1.113867401,1.245484696,1.305059612,1.29372795,1.28423838,1.276785887,1.341878202,1.267493663,1.476332892,1.545952782,1.616936025,1.618363235,1.690056458,1.620135234,1.76013747,1.898542665,1.895090439,1.961674404,1.958419165,,,,
-10.940835,21.00789,1.317042649,1.321358906,1.375366717,1.344975819,1.377894738,1.278681179,1.247857459,1.211606616,0.435673431,0.456327284,0.456327788,0.483432883,0.498290663,0.497066596,0.534071365,0.532654687,0.517593437,0.57482064,0.59029373,0.628882985,0.613635432,,,,
57.552152,-20.348404,1.381911171,1.421894183,1.575762997,1.617341034,1.459753641,1.630203206,1.720327056,1.740436164,1.892875948,2.099855607,2.332671651,2.472414348,2.463461291,2.572994518,2.589584283,2.743053908,3.015100208,3.083950133,3.11613989,3.031310587,3.214898776,,,,
-102.552784,23.634501,3.652728364,3.71309951,3.659527088,3.604152444,3.720095846,3.438827093,3.506268229,3.621182841,3.708927416,3.732021016,3.672909395,3.747870533,3.666015215,3.753899532,3.755151915,3.928821204,3.940505889,4.015198597,4.100654339,3.832903984,3.763572235,,,,
150.550812,7.425554,,,,,,,,0.709702689,0.745352748,1.088453547,1.26295262,1.642399925,1.371058953,1.373202516,1.376307764,1.104954896,0.971519407,0.942072562,0.947472679,0.952165258,0.990899352,,,,
150.550812,7.425554,3.732505525,3.855218456,4.057474872,4.309772242,4.422791788,4.230252571,4.134561964,3.951612725,4.244093662,4.448019887,4.739689848,4.676108762,4.639485989,4.894482037,5.211496725,5.355121795,5.542994158,5.490835646,5.760261982,5.772519714,5.855256079,,,,
150.550812,7.425554,2.472624728,2.555708443,2.599857839,2.667457148,2.794583733,2.850918143,2.825466648,2.735765533,3.002034873,3.19184993,3.15663314,3.196403119,3.158346522,3.325751603,3.470195615,3.624374042,3.688347808,3.706481177,3.918226018,3.964675037,3.894546077,,,,
150.550812,7.425554,1.964437375,2.010281995,2.049502282,2.068014064,2.083078754,2.145263885,2.191226013,2.174725779,2.124601986,2.135919069,2.164375694,2.191229906,2.232166607,2.458931357,2.669817369,2.795913994,2.954813078,3.080285718,3.191198383,3.313731547,3.446735946,,,,
28.369885,47.411631,,,5.654239148,4.218287179,3.272901733,3.045274155,3.141359221,1.942777204,1.716679461,1.234733964,0.965214233,1.022913361,1.100182387,1.187528267,1.263730162,1.361666306,1.393071924,1.310188403,1.337336013,1.2752622,1.363011416,,,,
103.846656,46.862496,4.598526481,5.503962917,4.937768467,4.115447698,3.490897028,3.448289712,3.471353683,3.30163337,3.272191841,3.179037765,3.130942038,3.258317563,3.391991997,3.254643633,3.425718919,3.422433863,3.710703201,3.888755131,3.80929637,4.136008859,4.243208522,,,,
19.37439,42.708678,,,,,,,,,,,,,,,,3.340565425,3.864042383,3.644444804,4.445574146,2.942323961,4.163295585,,,,
-7.09262,31.791702,0.954089759,0.993945932,1.018369621,1.085276561,1.121835447,1.131951542,1.145316929,1.153090361,1.143680075,1.168432713,1.180945202,1.299572457,1.305092486,1.269515699,1.450669819,1.519363249,1.560294774,1.639126587,1.613093052,1.583970989,1.599383453,,,,
35.529562,-18.665695,0.073783463,0.07390194,0.069760208,0.072388519,0.069289578,0.069523891,0.063257064,0.066555942,0.065305749,0.066754758,0.073839145,0.084131834,0.082185285,0.096502622,0.094012636,0.086742807,0.091728861,0.107836382,0.102780601,0.110193538,0.120258277,,,,
35.529562,-18.665695,0.101505631,0.09771264,0.112571125,0.121282414,0.139750443,0.153540419,0.157788749,0.160700795,0.17071419,0.18715418,0.20820005,0.178421826,0.186918221,0.198597431,0.249318393,0.231429911,0.249718723,0.248607924,0.176420659,0.201633279,0.173212744,,,,
18.49041,-22.95764,0.018134907,0.692806066,0.74130287,0.738347398,0.822080572,0.98645943,1.025713815,1.022105623,1.053666343,0.896437496,0.865572541,1.044306321,0.898819029,0.945791442,0.979296867,1.139704177,1.134253903,1.157888691,1.695569102,1.484935372,1.457397932,,,,
84.124008,28.394857,0.035027552,0.051738434,0.069871894,0.075022377,0.084614306,0.09885702,0.117745399,0.128572725,0.101532998,0.141895266,0.13950437,0.146028181,0.112431171,0.120361736,0.111090402,0.128167822,0.10385572,0.104004228,0.116089343,0.132064778,0.139872076,,,,
5.291266,52.132633,10.93415943,10.88824031,10.55965636,10.83405743,10.77870494,10.74101575,11.53120003,10.9794006,10.72163584,10.31030728,10.38355028,10.4245292,10.67338075,10.7881245,10.86511578,10.55327096,10.2287715,10.4852359,10.57092535,10.26292232,10.95836494,,,,
165.618042,-20.904305,9.669529762,10.39395471,10.02218714,9.747936113,9.211056539,8.968,8.953436548,9.056476329,8.8008,9.727766784,10.78276509,8.774180486,10.96010655,12.18353379,11.09338109,12.10897083,11.65645247,12.14769389,13.45150317,11.60216223,15.680092,,,,
174.885971,-40.900557,7.106478167,6.917264456,7.115539542,7.53171127,7.289428729,7.390102085,7.708364148,8.19069685,7.851128702,8.530931136,8.527531171,8.893219173,8.408514119,8.42721618,8.503851498,8.205266214,8.018221574,7.957900811,8.026528614,7.489829232,7.223514813,,,,
-85.207229,12.865416,0.615924499,0.47339535,0.551445207,0.517457084,0.557639082,0.596547066,0.604404252,0.648059956,0.692949009,0.72228758,0.737581064,0.765746226,0.769230784,0.829541595,0.821727312,0.791851986,0.808409957,0.821146261,0.773772963,0.782776331,0.780988797,,,,
8.081666,17.607789,0.107353493,0.102623944,0.094886876,0.102899491,0.098595726,0.100404622,0.106926446,0.102754411,0.105173395,0.100012948,0.072406951,0.066605835,0.068888342,0.07181958,0.0758855,0.062860642,0.058973494,0.05785668,0.062203591,0.070929601,0.088827077,,,,
8.675277,9.081999,0.474552558,0.461303369,0.645018907,0.582305872,0.441207323,0.322040394,0.363611758,0.352610133,0.343834089,0.373763101,0.644398113,0.661488951,0.759338561,0.702663375,0.713585957,0.750050856,0.687395022,0.64686256,0.612540586,0.461569798,0.494090977,,,,
167.954712,-29.040835,18.80833785,18.76261393,18.9070476,19.07185528,19.07826605,18.99418887,19.23739892,19.50135339,19.51175382,19.53356673,19.96376858,19.38415391,19.34065158,19.37366037,19.52750868,19.48780139,18.99723806,19.12124683,18.38206971,17.11256864,17.27643492,,,,
145.38469,17.33083,,,,,,,,,,,,,,,,,,,,,,,,,
8.468946,60.472024,7.394565756,7.514294892,6.905565765,7.466680705,6.744432118,8.007501633,7.572807929,7.74829047,8.230233169,9.193977785,8.641315111,9.103825621,8.247632796,9.337691559,9.291459327,9.179216926,9.495835691,9.57484966,10.55446109,9.749351278,11.69644457,,,,
8.468946,60.472024,,,,,,,,,,,,,,,,,,,,,,,,,
8.468946,60.472024,10.57362187,10.64516207,10.63912018,10.61953032,10.66653537,10.71768793,10.9628834,11.00032286,10.93150645,10.8881647,11.07857614,10.93699595,10.91211639,11.01047367,11.08201532,11.03064456,10.91374112,10.95130793,10.66224324,9.952356176,10.15220399,,,,
55.923255,21.512583,6.290269117,6.244480212,6.145291023,6.584378388,7.256649058,7.377910053,6.941354266,7.110978302,7.627426208,9.532602736,9.986457229,9.060123938,11.03399874,13.55754313,11.35817072,11.85151953,15.50100689,17.35080995,15.83434309,15.11839034,20.40894323,,,,
55.923255,21.512583,0.911140088,0.699232775,0.865753689,0.943280132,0.958261762,1.033821447,0.978054371,1.075918456,0.967943904,0.963811133,0.989354611,1.258492844,1.367497332,1.37893876,1.373713412,1.392757359,1.426879136,1.437292536,1.482776771,1.276348113,1.501671661,,,,
55.923255,21.512583,0.979559309,0.88467903,0.827198169,0.845632595,0.861437225,0.892417352,0.915037736,0.813833961,0.788055714,0.860902252,0.894553035,1.084976011,0.927462448,0.954590176,1.067720197,1.157820954,1.152663204,1.082004743,1.012566317,0.903927708,1.105729881,,,,
69.345116,30.375321,0.61720248,0.597420683,0.620590979,0.648248429,0.687234271,0.666858435,0.726049859,0.708930045,0.712146103,0.714069148,0.740094921,0.737334845,0.76211657,0.780049608,0.84821214,0.864941844,0.907828993,0.969294191,0.938135683,0.928251555,0.932118498,,,,
134.58252,7.51498,15.55358208,15.16954302,7.152195797,6.730498623,6.546265992,6.588061431,6.631477819,6.474866192,6.334700929,6.215912703,6.119954105,9.449082663,9.366538953,9.679390863,9.442918455,9.578741146,10.07820308,10.38965106,10.33315207,10.27423319,10.56927211,,,,
-80.782127,8.537981,1.113323034,1.278107942,1.638192258,1.489849285,1.606199666,1.082674526,1.642936908,1.965406879,2.027845624,1.8937136,1.8954335,2.248625582,1.8470849,1.898672089,1.757272877,2.031817962,2.149817895,2.040937155,2.132000743,2.388316593,2.619052137,,,,
143.95555,-6.314993,0.515050014,0.484424997,0.47001124,0.44525442,0.474755976,0.432333057,0.446916146,0.514180247,0.556028818,0.470187319,0.499683598,0.585367635,0.620639627,0.683695937,0.75331653,0.756744919,0.735654873,0.766343844,0.530664215,0.497149592,0.457108929,,,,
-58.443832,-23.442503,0.532393811,0.512160469,0.586433394,0.644331742,0.745640541,0.82552354,0.763755978,0.835455406,0.877668898,0.859313008,0.689500478,0.699739828,0.699652025,0.716318073,0.705760763,0.649035343,0.662705591,0.675295272,0.697999601,0.711749078,0.785657461,,,,
-75.015152,-9.189967,0.972329458,0.919170126,0.900170829,1.020582205,0.98805203,0.997656987,0.999899984,1.105579601,1.103148446,1.146282827,1.165256184,1.030060945,1.01710552,0.974405221,1.163908422,1.339513494,1.250909503,1.525262484,1.442044136,1.636660748,1.967657742,,,,
121.774017,12.879721,0.674162187,0.692078097,0.750082847,0.743906592,0.805275505,0.872200412,0.873263051,0.977703046,0.930734843,0.909779454,0.944047037,0.896012644,0.881218033,0.865957814,0.879317314,0.871957707,0.774813727,0.783897648,0.840350653,0.813883208,0.87314829,,,,
19.145136,51.919438,9.62387337,9.454323179,9.313060297,9.165543576,8.721797971,8.985979453,9.290074738,9.082854649,8.455913527,8.203076512,7.885578545,7.916899977,7.766906378,7.979570114,7.987697966,7.954794291,8.389978812,8.279968211,8.291631283,7.831575517,8.308632041,,,,
-8.224454,39.399872,4.226710165,4.410972934,4.842543085,4.697887488,4.760867235,5.17891567,5.041059445,5.265996648,5.714057485,6.331046774,6.119210997,6.066300051,6.412902146,5.858745455,6.025936055,6.217958495,5.617444894,5.773031758,5.527150947,5.432362813,4.952293367,,,,
24.96676,45.943161,6.8469487,5.979301257,5.407607363,5.302368771,5.077610498,5.603084737,5.601094681,5.074362935,4.542174901,3.988948711,4.009474191,4.322797745,4.241675478,4.446939432,4.447221364,4.487669353,4.840827017,4.834551119,4.608328272,3.942916473,3.889250739,,,,
105.318756,61.52401,,,14.39057475,13.22339656,11.612521,11.22259283,11.01447953,10.54141773,10.3388392,10.4529897,10.62854867,10.67304152,10.7123696,11.09421892,11.1455259,11.28952326,11.71766587,11.73414998,12.0856745,11.09418762,12.22579516,,,,
29.873888,-1.940278,0.094537871,0.090443704,0.097486364,0.105785798,0.108183101,0.108122619,0.106369175,0.100875216,0.089505664,0.085452657,0.081677412,0.078698147,0.076705895,0.074736962,0.074494031,0.055999831,0.054658001,0.056141818,0.053087946,0.054675893,0.054818556,,,,
-172.104629,-13.759029,0.765529733,0.759893462,0.775179986,0.767586091,0.716949273,0.77582012,0.770755973,0.766660278,0.763167783,0.801954442,0.798023068,0.81457791,0.809849823,0.846181554,0.861404745,0.876356098,0.870814533,0.885359965,0.879549072,0.87354903,0.867327137,,,,
12.457777,43.94236,0.406073513,0.396749172,0.387792954,0.379461585,0.372037304,0.365636841,0.360262388,0.355676757,0.351426465,0.34696061,0.341904065,0.362088544,0.406183583,0.447634872,0.486204108,0.498056463,0.531094543,0.516194382,0.501274866,0.529179173,0.555518774,,,,
45.079162,23.885942,13.4485435,15.99579967,16.53967927,17.67183785,16.98180487,12.72415816,13.72803741,11.34468416,10.7701562,11.54185856,14.74020635,14.22648827,14.95549868,14.32118182,16.60432398,16.10534901,17.05581328,15.18524524,15.86262634,16.08525459,17.03991344,,,,
-14.452362,14.497401,0.423597206,0.441955114,0.435489543,0.436410525,0.460334559,0.401152473,0.418368605,0.356134024,0.365224143,0.384673118,0.399359784,0.42797475,0.437637932,0.46964656,0.481463165,0.519914512,0.41346223,0.448172755,0.44463771,0.464681448,0.545070856,,,,
21.005859,44.016521,,,,,,,,,,,,,,,,,7.25427423,7.078578039,7.058388585,6.300834457,6.303583821,,,,
55.491977,-4.679574,1.623957143,2.021242315,2.3028455,2.219031508,2.529820764,2.532189525,2.591282045,5.359238997,5.581006012,6.384529287,6.960569942,7.902822591,6.484062127,6.731690821,9.023042424,8.404463209,8.799066194,7.67614926,8.138955334,8.653142111,7.842976495,,,,
-11.779889,8.460555,0.096149632,0.115802181,0.053662572,0.054204329,0.072383352,0.072833805,0.081391012,0.084013163,0.07682258,0.072786044,0.102752891,0.132315889,0.135480889,0.138501766,0.130215546,0.106717618,0.138877606,0.11713243,0.119976559,0.115707311,0.119853769,,,,
103.819836,1.352083,15.40522694,15.12720838,15.55923979,16.48628308,19.11902369,13.36642049,15.06679761,18.24033035,14.5888185,12.64789401,12.16658507,11.97224988,11.31009579,7.566061534,6.83376653,7.116858034,6.997576453,3.893480364,4.057690003,4.965698532,2.663192428,,,,
103.819836,1.352083,,,8.479350298,7.567015035,7.407622162,7.861278042,7.71089696,7.546813464,7.709486624,7.526972102,6.924042259,7.317137791,7.300020532,7.349868072,7.212801455,7.291265255,7.245203938,6.809842069,6.981927349,6.291841722,6.694753412,,,,
14.995463,46.151241,,,6.250344854,6.609542582,6.705668873,7.238644496,7.519770415,7.985964946,7.666612166,7.681478736,7.172030117,7.611741112,7.731011817,7.766774914,7.884828934,7.931674693,8.094608116,8.033115441,8.499361307,7.50598504,7.482274333,,,,
14.995463,46.151241,2.220942695,2.289197878,2.333846693,2.178118803,2.31640616,2.455536423,2.454911355,2.381393618,2.283038519,2.433703791,2.522884552,2.721011584,2.799364162,2.838407976,2.967528331,2.858600864,3.043120302,3.630929003,3.409490237,3.341771496,3.5445817,,,,
160.156194,-9.64571,0.51739143,0.50301156,0.48895704,0.464464344,0.440984968,0.449142068,0.436737865,0.424755371,0.413190505,0.41117753,0.400195472,0.406935535,0.396313926,0.4025743,0.392469208,0.382869599,0.373759477,0.402354576,0.393250996,0.38452785,0.383105992,,,,
46.199616,5.152149,0.002900366,0.000580265,0.00174785,0.001754757,0.001752055,0.001733413,,,,,0.070009191,0.066022014,0.073097055,0.071627278,0.069784417,0.068429224,0.066268509,0.067900922,0.066597894,0.063326217,0.063170514,,,,
22.937506,-30.559482,9.474819602,9.638385552,8.85379267,9.141031189,9.375637652,9.035236784,8.965942985,9.073136451,8.883571625,8.644088289,8.377511523,8.077163732,7.589962862,8.20549079,9.084158616,8.314869139,8.801452786,9.070662001,9.38279835,10.03407168,9.040531461,,,,
22.937506,-30.559482,0.689038771,0.715615257,0.744992527,0.758897002,0.791921984,0.823368679,0.881410927,0.898294106,0.903867575,0.945025698,0.966619135,0.967381162,0.972195982,0.997763942,1.040719283,1.068925468,1.127823472,1.190831117,1.300836748,1.398202002,1.401897506,,,,
-3.74922,40.463667,5.633524953,5.800292246,5.991061834,5.598646853,5.943727195,6.13736011,5.912705437,6.370723003,6.584998661,7.072653748,7.312740021,7.307637297,7.591280782,7.611166445,7.908050681,8.097058048,7.88419571,7.920890716,7.165531607,6.216973378,5.78988435,,,,
80.771797,7.873054,0.221765677,0.235306423,0.290186675,0.277840814,0.302320999,0.319669552,0.379179319,0.404262656,0.413279333,0.447983627,0.531947283,0.545065596,0.581805084,0.555988578,0.615663545,0.592686062,0.591100161,0.621627776,0.588221843,0.627424597,0.615398344,,,,
80.771797,7.873054,1.616486665,1.788387915,1.773210832,2.015991013,2.077473267,2.223046073,2.366297158,2.339660476,2.312991372,2.284836886,2.254435271,3.967412472,4.219073593,4.614610206,4.695359451,4.776002768,4.71043494,4.939894608,4.878810409,5.032900968,4.763065403,,,,
80.771797,7.873054,1.194203213,1.229667735,1.446813308,1.583333333,1.81757101,2.119797334,2.215531478,2.064287323,2.012386814,2.057282699,2.102784981,2.288263473,2.037006061,2.221517501,2.176061422,2.216955752,2.18719059,2.262928375,2.292750703,2.197688356,2.273826502,,,,
80.771797,7.873054,0.75039299,0.714277764,0.780927954,0.949850597,1.119135477,1.220954107,1.255380373,1.256275405,1.529006792,1.563622206,1.461403005,1.663900953,1.729237171,1.793683608,1.790230467,1.820871916,1.851884159,1.849557522,1.847642866,1.846103854,1.912062278,,,,
80.771797,7.873054,0.911700691,0.904406232,0.886052345,0.89238269,0.876759877,0.840482454,0.843658458,0.83838537,0.810976643,0.801805589,0.83090248,0.812262957,0.79844943,0.814393631,0.884407834,0.835317955,0.853458818,0.863379282,0.864982975,0.868566101,0.819274507,,,,
80.771797,7.873054,0.912149267,0.904703972,0.886323222,0.892881131,0.877372801,0.840908144,0.844120963,0.838564113,0.811348636,0.801707706,0.830877835,0.80835821,0.791952902,0.806646488,0.878024582,0.829751842,0.848019796,0.858054789,0.86017829,0.863770427,0.814516271,,,,
30.217636,12.862807,0.215697346,0.202976027,0.173829326,0.103041702,0.152757379,0.153587199,0.138475489,0.171064264,0.144305979,0.152281567,0.160938199,0.180138897,0.223206303,0.24241626,0.29557873,0.270222839,0.282122388,0.298918941,0.291688203,0.316755093,0.310858607,,,,
-56.027783,3.919305,4.453437374,5.089058912,5.044642942,5.081460952,5.031839579,5.006849849,4.823099422,4.782641127,4.766324462,4.677224775,4.557544121,4.787974951,4.689736908,4.601948787,4.645121343,4.764311153,4.834302613,4.784608362,4.738755695,4.744365817,4.540441176,,,,
31.465866,-26.522503,0.49305459,0.367837403,0.290792304,0.142527078,0.512637375,0.471968845,0.346398092,1.194699829,1.179920365,1.182507101,1.116942038,1.064519461,1.040275998,0.957257321,0.941237241,0.922856455,0.908344534,0.936961718,0.946995872,0.8716982,0.857473675,,,,
18.643501,60.128161,5.973824825,6.176649502,6.371511318,5.968270452,6.211237315,5.748759111,6.526440228,5.860692136,5.985459792,5.769666514,5.612441529,5.747438275,6.434228598,6.115194532,6.062241404,5.710313512,5.459003216,5.253521937,5.326109585,4.704368708,5.599744235,,,,
8.227512,46.818188,6.382762524,6.176218658,6.263704438,5.875009386,5.908059358,5.572358635,5.646324936,5.849483122,5.883187499,5.697100262,5.435484985,5.942384452,5.589533097,5.478264412,5.466042594,5.563281057,5.595605199,5.034944631,5.281605848,5.371817644,4.952967888,,,,
38.996815,34.802075,3.007746352,3.369681335,3.369490505,3.474023394,3.480136022,3.068484416,3.00073042,2.700838045,3.225005598,3.274582014,3.118175946,2.921131354,2.298850416,3.138211019,2.891525871,2.787081694,2.849762461,2.935815481,3.327433779,2.953261068,2.872783035,,,,
71.276093,38.861034,,,1.307270034,0.920537096,0.412830894,0.423481371,0.482273908,0.362550923,0.415309301,0.413350144,0.36159312,0.364406281,0.293743963,0.317863137,0.384642904,0.35831305,0.381752765,0.453281067,0.416839032,0.38849324,0.375001672,,,,
34.888822,-6.369028,0.093096579,0.092449814,0.086706543,0.093638095,0.084145628,0.118664412,0.112462542,0.091251138,0.078938561,0.076471594,0.077930661,0.089637923,0.100260939,0.103543524,0.115257857,0.144698857,0.149186902,0.149552649,0.154372513,0.147722792,0.152229977,,,,
100.992541,15.870032,1.693686126,1.840286964,1.997672638,2.251364862,2.487041244,2.841206051,3.139001966,3.207219679,2.808817826,2.966595699,3.02125836,3.204936651,3.385307334,3.600621666,3.877011603,3.907432741,3.964719289,3.968180421,3.956139955,4.173178387,4.446855558,,,,
125.727539,-8.874217,,,,,,,,,,,,,0.179401735,0.172866251,0.182025198,0.179080242,0.179853321,0.180554653,0.184738738,0.174759521,0.171932157,,,,
0.824782,8.619543,0.204281495,0.216942287,0.209786609,0.211984944,0.199070377,0.222527872,0.24128422,0.218996286,0.252365113,0.324083828,0.278902135,0.232849882,0.240474316,0.278217388,0.258830227,0.241589043,0.214763329,0.225620698,0.243140073,0.244687203,0.244233521,,,,
-175.198242,-21.178986,0.809194557,0.961750296,0.922100102,1.074466304,1.111072802,1.146797598,1.143341163,1.177097355,1.134228949,1.316939779,1.235285111,1.451849671,1.480375039,1.765615753,1.71800955,1.561816561,1.732151116,1.505675097,1.567291907,1.664291163,1.514736114,,,,
-61.222503,10.691803,13.87987518,17.11397456,16.95877044,13.51687065,15.87849632,16.70748151,17.30974717,15.25350903,15.30065962,18.03954519,19.3330297,19.66728259,21.0453369,21.57297401,24.01889987,22.03706591,24.66651221,35.46524534,32.31486142,36.42827243,38.16113079,,,,
9.537499,33.886917,1.626999657,1.862110553,1.769596697,1.906057246,1.808250221,1.756639352,1.84372724,1.838872165,1.928717924,1.938613247,2.083213363,2.151997085,2.148414623,2.174530478,2.259847268,2.273547313,2.283570039,2.334305092,2.421613821,2.376264895,2.453102066,,,,
35.243322,38.963745,2.701287008,2.706413622,2.743063764,2.805933863,2.722366887,2.938559151,3.166047317,3.288384597,3.272105345,3.161240467,3.421439128,3.0349004,3.163197288,3.313845094,3.372049992,3.503954575,3.811521763,4.096007076,4.054292643,3.900066128,4.131030767,,,,
59.556278,38.969719,,,7.230142507,6.929965728,8.173835896,8.266491006,7.349139933,6.955136208,6.026994787,7.812127944,7.856311088,8.627406925,8.748658474,9.082222022,9.22668727,9.557075967,9.633369328,11.01556162,11.2033607,9.746089848,10.52245312,,,,
-71.797928,21.694025,,,,,,0.717425329,0.688983529,0.665638047,0.857076078,0.821000784,0.777071413,0.726642227,4.554231831,4.385614215,4.102937063,4.575085066,5.173757326,5.506006006,5.348563482,5.334347208,5.205949731,,,,
32.290275,1.373333,0.04579871,0.045645388,0.044694663,0.042840414,0.037982681,0.047913318,0.052073243,0.051971727,0.059237458,0.059900459,0.063141731,0.064605065,0.064312402,0.063670719,0.06669197,0.079531816,0.089356552,0.101792338,0.099467384,0.102430392,0.111346111,,,,
31.16558,48.379433,,,12.30446257,10.46607724,8.609437684,8.657036837,8.075959979,6.743789914,6.553863668,6.694721194,6.523008856,6.606930345,6.611364597,7.36744656,7.23097198,7.087746223,6.977902207,7.04363987,6.992462655,5.684995407,6.644867137,,,,
53.847818,23.424076,28.78999091,29.87986857,28.88091518,31.1060268,32.76244255,30.10737649,16.6177889,15.96252615,29.59704638,27.08511574,37.19403163,32.37904999,26.27321572,31.71079177,30.95141087,27.99513941,25.40691118,24.04628738,23.37750357,21.06703727,19.85379771,,,,
-3.435973,55.378051,9.975108977,10.17591931,10.03921808,9.677630894,9.595293468,9.577337711,9.822804943,9.355299884,9.323249943,9.126247046,9.231429414,9.312507175,8.959649576,9.063913493,9.008640275,8.973103401,8.908292529,8.624997303,8.453198962,7.629029821,7.86256875,,,,
-95.712891,37.09024,19.10135589,19.07931196,19.1887997,19.35128717,19.46428538,19.36385544,19.62199049,19.87640503,19.77891432,19.82400911,20.24918916,19.65619321,19.6469218,19.58465737,19.7768452,19.7159606,19.22922866,19.34957722,18.60227269,17.31529716,17.56415999,,,,
-95.712891,37.09024,2.711843758,2.759758161,2.787446749,2.873050953,2.957172041,3.078432345,3.136572529,3.120322031,3.055093036,3.045744169,3.069047835,3.122547725,3.200693595,3.611772997,4.006380737,4.24874042,4.548915813,4.753471016,4.900413292,5.127305345,5.403900429,,,,
-55.765835,-32.522779,1.28406391,1.454184888,1.638995935,1.405472916,1.27035441,1.423864349,1.675653755,1.698646007,1.727847842,2.032491317,1.597832898,1.529954953,1.388555973,1.382811929,1.687969452,1.736919031,1.996347685,1.797040724,2.487810617,2.348324962,1.970533651,,,,
64.585262,41.377491,,,5.315602779,5.402064898,4.959635116,4.428886241,4.443030355,4.30055571,4.888418527,4.829824673,4.86609698,4.888461793,5.021985727,4.798374196,4.612752495,4.275901097,4.399306334,4.35254939,4.396591009,4.199418491,3.6566778,,,,
166.959158,-15.376706,0.475152251,0.437766532,0.42518133,0.413017633,0.401963352,0.39234171,0.49091978,0.502891362,0.473628941,0.465083321,0.435939003,0.464949679,0.4348595,0.405494793,0.269454038,0.262710448,0.22208298,0.433370757,0.406724993,0.508350193,0.496591183,,,,
-66.58973,6.42375,6.188326949,5.709574889,5.116734047,5.87683196,6.008685459,6.030957339,5.44193406,5.819364606,7.125311101,7.208881879,6.24459109,6.936950414,7.628672323,7.446660394,6.407430798,6.796036706,6.319199907,6.356138973,6.643299264,6.484306113,6.946437116,,,,
108.277199,14.058324,0.324280765,0.319024157,0.313770455,0.330345655,0.370352788,0.404057351,0.473884388,0.606948117,0.629679947,0.622650871,0.691020496,0.777653439,0.890209458,0.978858285,1.111883452,1.188709097,1.229771824,1.349440117,1.493900259,1.62810111,1.728118437,,,,
-177.156097,-13.768752,,,,,,,,0.146326756,0.216594011,0.227865446,0.271057676,0.450151178,0.375598342,0.405640436,0.576681705,0.826080986,0.665291777,0.665297084,0.570947494,0.564577775,0.620611834,,,,
-12.885834,24.215527,4.209859236,4.202309449,4.101932137,4.037372568,4.046401335,4.072011188,4.106048719,4.12057334,4.098902854,4.024352861,4.065428888,4.110233695,4.099574086,4.292675999,4.464435594,4.572607472,4.673108683,4.726581663,4.789435198,4.710581321,4.883464601,,,,
48.516388,15.552727,0.81393862,0.816333635,1.102831349,0.687086972,0.789603465,0.749114757,0.958728811,0.961879769,0.736533199,0.815604926,0.835419209,0.901395115,0.849785737,0.906886195,0.962712266,0.99524128,1.006477827,1.025027898,1.023211894,1.03726878,0.959963332,,,,
27.849332,-13.133897,0.311796037,0.300632253,0.298547417,0.296910457,0.2805897,0.245535687,0.206117701,0.256530168,0.241595521,0.183737993,0.180064887,0.184019957,0.185327116,0.192866798,0.190657157,0.198215836,0.188927373,0.136570512,0.148075061,0.168124038,0.183669271,,,,
29.154857,-19.015438,1.481972765,1.47424152,1.539094077,1.445760972,1.54397906,1.299902813,1.265762601,1.196070618,1.165512,1.278518776,1.110629838,0.998123346,0.943951557,0.838544909,0.782047762,0.847611861,0.812979928,0.801606495,0.637362943,0.677698004,0.720950743,,,,
